odor,method,mouse_id,trial,R_global
"2,3 Pentanedione",MPI B/S,0,0,0.09853166756110593
"2,3 Pentanedione",MPI B/S,0,1,0.11506907409246286
"2,3 Pentanedione",MPI B/S,0,2,0.09874756582284566
"2,3 Pentanedione",MPI B/S,0,3,0.1095311449041185
"2,3 Pentanedione",MPI B/S,0,4,0.09305543212193956
"2,3 Pentanedione",MPI B/S,0,5,0.10023456434077473
"2,3 Pentanedione",MPI B/S,0,6,0.0928937012907916
"2,3 Pentanedione",MPI B/S,0,7,0.09891744532222667
"2,3 Pentanedione",MPI B/S,0,8,0.11054457746215667
"2,3 Pentanedione",MPI B/S,0,9,0.08523031198683372
"2,3 Pentanedione",MPI B/S,0,10,0.10654295978713214
"2,3 Pentanedione",MPI B/S,0,11,0.10460381120177685
"2,3 Pentanedione",MPI B/S,0,12,0.09640224646466153
"2,3 Pentanedione",MPI B/S,0,13,0.08800328135011706
"2,3 Pentanedione",MPI B/S,0,14,0.10297109971548578
"2,3 Pentanedione",MPI B/S,1,0,0.07356225053397569
"2,3 Pentanedione",MPI B/S,1,1,0.08107647852014206
"2,3 Pentanedione",MPI B/S,1,2,0.07899796278276881
"2,3 Pentanedione",MPI B/S,1,3,0.09457447010459093
"2,3 Pentanedione",MPI B/S,1,4,0.07642271377238345
"2,3 Pentanedione",MPI B/S,1,5,0.06869185439151196
"2,3 Pentanedione",MPI B/S,1,6,0.08055000191515291
"2,3 Pentanedione",MPI B/S,1,7,0.08095147098315154
"2,3 Pentanedione",MPI B/S,1,8,0.09218276085529234
"2,3 Pentanedione",MPI B/S,1,9,0.08701588916161931
"2,3 Pentanedione",MPI B/S,1,10,0.0823009162740785
"2,3 Pentanedione",MPI B/S,1,11,0.09320923438387614
"2,3 Pentanedione",MPI B/S,1,12,0.0670625002213089
"2,3 Pentanedione",MPI B/S,1,13,0.0724752081258337
"2,3 Pentanedione",MPI B/S,1,14,0.06964740454988443
"2,3 Pentanedione",Median,0,0,0.08186477768391227
"2,3 Pentanedione",Median,0,1,0.07661172720104435
"2,3 Pentanedione",Median,0,2,0.08732054789575376
"2,3 Pentanedione",Median,0,3,0.08275682817573948
"2,3 Pentanedione",Median,0,4,0.07611073446150873
"2,3 Pentanedione",Median,0,5,0.07853386634240016
"2,3 Pentanedione",Median,0,6,0.08560850369719746
"2,3 Pentanedione",Median,0,7,0.08840096814330996
"2,3 Pentanedione",Median,0,8,0.09456811059951482
"2,3 Pentanedione",Median,0,9,0.09944991619415407
"2,3 Pentanedione",Median,0,10,0.08614556146421021
"2,3 Pentanedione",Median,0,11,0.07867247994323717
"2,3 Pentanedione",Median,0,12,0.0725910158577966
"2,3 Pentanedione",Median,0,13,0.08536470188497992
"2,3 Pentanedione",Median,0,14,0.0796124893894561
"2,3 Pentanedione",Median,1,0,0.08498058104007294
"2,3 Pentanedione",Median,1,1,0.08393335487483214
"2,3 Pentanedione",Median,1,2,0.08644207216858175
"2,3 Pentanedione",Median,1,3,0.09286560196125333
"2,3 Pentanedione",Median,1,4,0.08802744372582164
"2,3 Pentanedione",Median,1,5,0.08634709048828856
"2,3 Pentanedione",Median,1,6,0.08167880082342857
"2,3 Pentanedione",Median,1,7,0.07827730820076029
"2,3 Pentanedione",Median,1,8,0.08460291737172658
"2,3 Pentanedione",Median,1,9,0.08690520940144812
"2,3 Pentanedione",Median,1,10,0.09660201447236746
"2,3 Pentanedione",Median,1,11,0.08788492798317367
"2,3 Pentanedione",Median,1,12,0.09242251939509938
"2,3 Pentanedione",Median,1,13,0.08453378511538374
"2,3 Pentanedione",Median,1,14,0.08088414404354696
"2,3 Pentanedione",N2S,0,0,0.11461782652430916
"2,3 Pentanedione",N2S,0,1,0.11777613431791809
"2,3 Pentanedione",N2S,0,2,0.1553467852964755
"2,3 Pentanedione",N2S,0,3,0.11651012099716222
"2,3 Pentanedione",N2S,0,4,0.13836340246207443
"2,3 Pentanedione",N2S,0,5,0.11543659044543435
"2,3 Pentanedione",N2S,0,6,0.13958890775545113
"2,3 Pentanedione",N2S,0,7,0.13239229410163467
"2,3 Pentanedione",N2S,0,8,0.1252619453812324
"2,3 Pentanedione",N2S,0,9,0.1267875155366461
"2,3 Pentanedione",N2S,0,10,0.11870349853943146
"2,3 Pentanedione",N2S,0,11,0.13319699255762835
"2,3 Pentanedione",N2S,0,12,0.12133404326571481
"2,3 Pentanedione",N2S,0,13,0.11118832945920222
"2,3 Pentanedione",N2S,0,14,0.11049934915813926
"2,3 Pentanedione",N2S,1,0,0.1323062923212179
"2,3 Pentanedione",N2S,1,1,0.1508237692345334
"2,3 Pentanedione",N2S,1,2,0.13214045427103321
"2,3 Pentanedione",N2S,1,3,0.1284721206570824
"2,3 Pentanedione",N2S,1,4,0.13379714278825708
"2,3 Pentanedione",N2S,1,5,0.14722837870491784
"2,3 Pentanedione",N2S,1,6,0.1329223716424815
"2,3 Pentanedione",N2S,1,7,0.12462395841219942
"2,3 Pentanedione",N2S,1,8,0.14459903446442762
"2,3 Pentanedione",N2S,1,9,0.13567890761350407
"2,3 Pentanedione",N2S,1,10,0.15025323396721207
"2,3 Pentanedione",N2S,1,11,0.13244646026367604
"2,3 Pentanedione",N2S,1,12,0.11391318290135925
"2,3 Pentanedione",N2S,1,13,0.11202141394025669
"2,3 Pentanedione",N2S,1,14,0.15176954301938755
"2,3 Pentanedione",CNMF,0,0,0.11224403906176358
"2,3 Pentanedione",CNMF,0,1,0.09617930925873083
"2,3 Pentanedione",CNMF,0,2,0.09446015256323848
"2,3 Pentanedione",CNMF,0,3,0.11003063545464355
"2,3 Pentanedione",CNMF,0,4,0.08835008476294214
"2,3 Pentanedione",CNMF,0,5,0.09014226054869598
"2,3 Pentanedione",CNMF,0,6,0.10312492896754621
"2,3 Pentanedione",CNMF,0,7,0.09436377522420479
"2,3 Pentanedione",CNMF,0,8,0.09765139229214764
"2,3 Pentanedione",CNMF,0,9,0.09631500897355857
"2,3 Pentanedione",CNMF,0,10,0.10054408297146028
"2,3 Pentanedione",CNMF,0,11,0.10957514011267017
"2,3 Pentanedione",CNMF,0,12,0.09845925044141843
"2,3 Pentanedione",CNMF,0,13,0.10313009483018894
"2,3 Pentanedione",CNMF,0,14,0.08038918153176303
"2,3 Pentanedione",CNMF,1,0,0.09265761251303968
"2,3 Pentanedione",CNMF,1,1,0.08595116046936856
"2,3 Pentanedione",CNMF,1,2,0.0827808768389545
"2,3 Pentanedione",CNMF,1,3,0.08565638404666313
"2,3 Pentanedione",CNMF,1,4,0.09024851671251748
"2,3 Pentanedione",CNMF,1,5,0.10079995041984366
"2,3 Pentanedione",CNMF,1,6,0.08187280001670307
"2,3 Pentanedione",CNMF,1,7,0.09332740271188941
"2,3 Pentanedione",CNMF,1,8,0.08898198276380466
"2,3 Pentanedione",CNMF,1,9,0.09030296390218089
"2,3 Pentanedione",CNMF,1,10,0.10153309338853783
"2,3 Pentanedione",CNMF,1,11,0.09761106022745157
"2,3 Pentanedione",CNMF,1,12,0.10435778247551739
"2,3 Pentanedione",CNMF,1,13,0.09176466511926741
"2,3 Pentanedione",CNMF,1,14,0.08719441139928819
"2,3 Pentanedione",FBCL,0,0,0.2751278015365181
"2,3 Pentanedione",FBCL,0,1,0.2804614093179075
"2,3 Pentanedione",FBCL,0,2,0.27970745733769026
"2,3 Pentanedione",FBCL,0,3,0.2652861153806394
"2,3 Pentanedione",FBCL,0,4,0.2787229381699509
"2,3 Pentanedione",FBCL,0,5,0.2802982240275549
"2,3 Pentanedione",FBCL,0,6,0.3064798298773592
"2,3 Pentanedione",FBCL,0,7,0.2991530902968322
"2,3 Pentanedione",FBCL,0,8,0.2679296673495681
"2,3 Pentanedione",FBCL,0,9,0.27440128511893525
"2,3 Pentanedione",FBCL,0,10,0.2609509579317717
"2,3 Pentanedione",FBCL,0,11,0.27093223839896946
"2,3 Pentanedione",FBCL,0,12,0.28129753206049457
"2,3 Pentanedione",FBCL,0,13,0.29147911210283506
"2,3 Pentanedione",FBCL,0,14,0.269349652725769
"2,3 Pentanedione",FBCL,1,0,0.26289184292105483
"2,3 Pentanedione",FBCL,1,1,0.2458150954867206
"2,3 Pentanedione",FBCL,1,2,0.26851279885577095
"2,3 Pentanedione",FBCL,1,3,0.2582225708180116
"2,3 Pentanedione",FBCL,1,4,0.26431808993452127
"2,3 Pentanedione",FBCL,1,5,0.2603447074176911
"2,3 Pentanedione",FBCL,1,6,0.26929511329641
"2,3 Pentanedione",FBCL,1,7,0.2502704158814555
"2,3 Pentanedione",FBCL,1,8,0.2535948958751359
"2,3 Pentanedione",FBCL,1,9,0.2947249103242002
"2,3 Pentanedione",FBCL,1,10,0.25564920126420376
"2,3 Pentanedione",FBCL,1,11,0.2578294752523048
"2,3 Pentanedione",FBCL,1,12,0.29138155463260584
"2,3 Pentanedione",FBCL,1,13,0.3035977957827969
"2,3 Pentanedione",FBCL,1,14,0.2569742206243217
3 Methylvaleric Acid,MPI B/S,0,0,0.2156602760830687
3 Methylvaleric Acid,MPI B/S,0,1,0.22660140086765831
3 Methylvaleric Acid,MPI B/S,0,2,0.24798319623991683
3 Methylvaleric Acid,MPI B/S,0,3,0.20612487784604516
3 Methylvaleric Acid,MPI B/S,0,4,0.2175557871061959
3 Methylvaleric Acid,MPI B/S,0,5,0.23331866662719905
3 Methylvaleric Acid,MPI B/S,0,6,0.22803817389182474
3 Methylvaleric Acid,MPI B/S,0,7,0.21553839361422733
3 Methylvaleric Acid,MPI B/S,0,8,0.21927378375493037
3 Methylvaleric Acid,MPI B/S,0,9,0.20014354056328731
3 Methylvaleric Acid,MPI B/S,0,10,0.21766529171663715
3 Methylvaleric Acid,MPI B/S,0,11,0.21723039716096615
3 Methylvaleric Acid,MPI B/S,0,12,0.2249152997552351
3 Methylvaleric Acid,MPI B/S,0,13,0.21277659953962816
3 Methylvaleric Acid,MPI B/S,0,14,0.2286049946694913
3 Methylvaleric Acid,MPI B/S,1,0,0.23001680357608428
3 Methylvaleric Acid,MPI B/S,1,1,0.2168023503530342
3 Methylvaleric Acid,MPI B/S,1,2,0.2198285907692062
3 Methylvaleric Acid,MPI B/S,1,3,0.21522587067982277
3 Methylvaleric Acid,MPI B/S,1,4,0.21440782017556248
3 Methylvaleric Acid,MPI B/S,1,5,0.20328422240506322
3 Methylvaleric Acid,MPI B/S,1,6,0.21928505019810562
3 Methylvaleric Acid,MPI B/S,1,7,0.21290691653680763
3 Methylvaleric Acid,MPI B/S,1,8,0.2466711998223034
3 Methylvaleric Acid,MPI B/S,1,9,0.23865865089819077
3 Methylvaleric Acid,MPI B/S,1,10,0.22035406576561506
3 Methylvaleric Acid,MPI B/S,1,11,0.20264454252166994
3 Methylvaleric Acid,MPI B/S,1,12,0.19725949841993512
3 Methylvaleric Acid,MPI B/S,1,13,0.23276712923713516
3 Methylvaleric Acid,MPI B/S,1,14,0.21845660920515264
3 Methylvaleric Acid,Median,0,0,0.20771771376220863
3 Methylvaleric Acid,Median,0,1,0.1891042922544627
3 Methylvaleric Acid,Median,0,2,0.21146005288188266
3 Methylvaleric Acid,Median,0,3,0.20750249915827126
3 Methylvaleric Acid,Median,0,4,0.19441001617712605
3 Methylvaleric Acid,Median,0,5,0.19975548625686526
3 Methylvaleric Acid,Median,0,6,0.20590696226793492
3 Methylvaleric Acid,Median,0,7,0.20413951456503968
3 Methylvaleric Acid,Median,0,8,0.2012560663153218
3 Methylvaleric Acid,Median,0,9,0.20283470086493044
3 Methylvaleric Acid,Median,0,10,0.20159235183662516
3 Methylvaleric Acid,Median,0,11,0.20497697539022833
3 Methylvaleric Acid,Median,0,12,0.2160119309676821
3 Methylvaleric Acid,Median,0,13,0.18222634064305587
3 Methylvaleric Acid,Median,0,14,0.201718914350098
3 Methylvaleric Acid,Median,1,0,0.21856186268306452
3 Methylvaleric Acid,Median,1,1,0.21956151720422923
3 Methylvaleric Acid,Median,1,2,0.21397339317680705
3 Methylvaleric Acid,Median,1,3,0.20238726488015868
3 Methylvaleric Acid,Median,1,4,0.2198292609126469
3 Methylvaleric Acid,Median,1,5,0.23153710257173635
3 Methylvaleric Acid,Median,1,6,0.20425184857420656
3 Methylvaleric Acid,Median,1,7,0.2243123575001899
3 Methylvaleric Acid,Median,1,8,0.21433641459262273
3 Methylvaleric Acid,Median,1,9,0.2165719775234904
3 Methylvaleric Acid,Median,1,10,0.20827587285254132
3 Methylvaleric Acid,Median,1,11,0.21428679271119633
3 Methylvaleric Acid,Median,1,12,0.227962007262537
3 Methylvaleric Acid,Median,1,13,0.2219598973137904
3 Methylvaleric Acid,Median,1,14,0.23157861254904957
3 Methylvaleric Acid,N2S,0,0,0.3332546418214173
3 Methylvaleric Acid,N2S,0,1,0.31824404663465206
3 Methylvaleric Acid,N2S,0,2,0.3447723874642148
3 Methylvaleric Acid,N2S,0,3,0.31824214531296624
3 Methylvaleric Acid,N2S,0,4,0.3261506477808258
3 Methylvaleric Acid,N2S,0,5,0.30328768490313834
3 Methylvaleric Acid,N2S,0,6,0.3106700670251612
3 Methylvaleric Acid,N2S,0,7,0.29513810518458594
3 Methylvaleric Acid,N2S,0,8,0.32943598664124907
3 Methylvaleric Acid,N2S,0,9,0.2853615298892102
3 Methylvaleric Acid,N2S,0,10,0.32522280318369345
3 Methylvaleric Acid,N2S,0,11,0.3054411000376699
3 Methylvaleric Acid,N2S,0,12,0.3331293078242084
3 Methylvaleric Acid,N2S,0,13,0.3245827683458106
3 Methylvaleric Acid,N2S,0,14,0.34633198102891605
3 Methylvaleric Acid,N2S,1,0,0.3175371620516047
3 Methylvaleric Acid,N2S,1,1,0.27071955040040213
3 Methylvaleric Acid,N2S,1,2,0.30131887521364126
3 Methylvaleric Acid,N2S,1,3,0.2788524629559688
3 Methylvaleric Acid,N2S,1,4,0.29214313281696114
3 Methylvaleric Acid,N2S,1,5,0.33340425561118564
3 Methylvaleric Acid,N2S,1,6,0.3156415189269939
3 Methylvaleric Acid,N2S,1,7,0.2884703978446438
3 Methylvaleric Acid,N2S,1,8,0.28207059023951714
3 Methylvaleric Acid,N2S,1,9,0.303346553098685
3 Methylvaleric Acid,N2S,1,10,0.2779466745722169
3 Methylvaleric Acid,N2S,1,11,0.2890353883175376
3 Methylvaleric Acid,N2S,1,12,0.3090234134974768
3 Methylvaleric Acid,N2S,1,13,0.32616826138324506
3 Methylvaleric Acid,N2S,1,14,0.3150565599922006
3 Methylvaleric Acid,CNMF,0,0,0.19080658868920702
3 Methylvaleric Acid,CNMF,0,1,0.22338181593891926
3 Methylvaleric Acid,CNMF,0,2,0.22046605797450275
3 Methylvaleric Acid,CNMF,0,3,0.22475632566225276
3 Methylvaleric Acid,CNMF,0,4,0.23984531433214498
3 Methylvaleric Acid,CNMF,0,5,0.1936686089338574
3 Methylvaleric Acid,CNMF,0,6,0.21214375469404945
3 Methylvaleric Acid,CNMF,0,7,0.22697785930073267
3 Methylvaleric Acid,CNMF,0,8,0.19971319162192183
3 Methylvaleric Acid,CNMF,0,9,0.23808505735073193
3 Methylvaleric Acid,CNMF,0,10,0.22418488260546307
3 Methylvaleric Acid,CNMF,0,11,0.23018658850600704
3 Methylvaleric Acid,CNMF,0,12,0.21239675772014674
3 Methylvaleric Acid,CNMF,0,13,0.229774697061715
3 Methylvaleric Acid,CNMF,0,14,0.23297125541089145
3 Methylvaleric Acid,CNMF,1,0,0.20234939030349072
3 Methylvaleric Acid,CNMF,1,1,0.20236850220245675
3 Methylvaleric Acid,CNMF,1,2,0.20281957507214457
3 Methylvaleric Acid,CNMF,1,3,0.18859189726430944
3 Methylvaleric Acid,CNMF,1,4,0.19757532410301676
3 Methylvaleric Acid,CNMF,1,5,0.1975126517551537
3 Methylvaleric Acid,CNMF,1,6,0.2042383491567282
3 Methylvaleric Acid,CNMF,1,7,0.21197448906012392
3 Methylvaleric Acid,CNMF,1,8,0.18614227194935323
3 Methylvaleric Acid,CNMF,1,9,0.19785794346652058
3 Methylvaleric Acid,CNMF,1,10,0.2180189139130844
3 Methylvaleric Acid,CNMF,1,11,0.19009483613715203
3 Methylvaleric Acid,CNMF,1,12,0.1891076385266268
3 Methylvaleric Acid,CNMF,1,13,0.20196571690326565
3 Methylvaleric Acid,CNMF,1,14,0.21002374438402965
3 Methylvaleric Acid,FBCL,0,0,0.6582156512851616
3 Methylvaleric Acid,FBCL,0,1,0.6815451665043329
3 Methylvaleric Acid,FBCL,0,2,0.673184537031093
3 Methylvaleric Acid,FBCL,0,3,0.672919394688014
3 Methylvaleric Acid,FBCL,0,4,0.6678250426738475
3 Methylvaleric Acid,FBCL,0,5,0.6992289626344917
3 Methylvaleric Acid,FBCL,0,6,0.6543805434028752
3 Methylvaleric Acid,FBCL,0,7,0.6225370660963304
3 Methylvaleric Acid,FBCL,0,8,0.6864197789354677
3 Methylvaleric Acid,FBCL,0,9,0.6499088707889387
3 Methylvaleric Acid,FBCL,0,10,0.6599235641113446
3 Methylvaleric Acid,FBCL,0,11,0.6812014763197024
3 Methylvaleric Acid,FBCL,0,12,0.6296422046780654
3 Methylvaleric Acid,FBCL,0,13,0.6358504788455747
3 Methylvaleric Acid,FBCL,0,14,0.6296595858877816
3 Methylvaleric Acid,FBCL,1,0,0.6340405954068076
3 Methylvaleric Acid,FBCL,1,1,0.6558869476604313
3 Methylvaleric Acid,FBCL,1,2,0.6573840919958639
3 Methylvaleric Acid,FBCL,1,3,0.6529942977003858
3 Methylvaleric Acid,FBCL,1,4,0.6230865534875167
3 Methylvaleric Acid,FBCL,1,5,0.6071974442920958
3 Methylvaleric Acid,FBCL,1,6,0.6490647613302335
3 Methylvaleric Acid,FBCL,1,7,0.6397486116358808
3 Methylvaleric Acid,FBCL,1,8,0.6562366451063495
3 Methylvaleric Acid,FBCL,1,9,0.660531781441337
3 Methylvaleric Acid,FBCL,1,10,0.6505501590513151
3 Methylvaleric Acid,FBCL,1,11,0.6615619620869755
3 Methylvaleric Acid,FBCL,1,12,0.6521609590656698
3 Methylvaleric Acid,FBCL,1,13,0.657488153298426
3 Methylvaleric Acid,FBCL,1,14,0.6356247125576906
Acetic Acid,MPI B/S,0,0,0.12615947017369084
Acetic Acid,MPI B/S,0,1,0.1304443407112329
Acetic Acid,MPI B/S,0,2,0.13754526227742483
Acetic Acid,MPI B/S,0,3,0.12372177426885317
Acetic Acid,MPI B/S,0,4,0.13413727440703108
Acetic Acid,MPI B/S,0,5,0.12517784049261602
Acetic Acid,MPI B/S,0,6,0.1268660788634543
Acetic Acid,MPI B/S,0,7,0.13764761268198178
Acetic Acid,MPI B/S,0,8,0.10551480532267932
Acetic Acid,MPI B/S,0,9,0.11344490262663426
Acetic Acid,MPI B/S,0,10,0.11133070798096416
Acetic Acid,MPI B/S,0,11,0.10163785071144617
Acetic Acid,MPI B/S,0,12,0.12048270460254298
Acetic Acid,MPI B/S,0,13,0.13673590743895941
Acetic Acid,MPI B/S,0,14,0.12496102528709022
Acetic Acid,MPI B/S,1,0,0.11749310322332539
Acetic Acid,MPI B/S,1,1,0.12764129082111308
Acetic Acid,MPI B/S,1,2,0.1303560653610538
Acetic Acid,MPI B/S,1,3,0.1144543414089893
Acetic Acid,MPI B/S,1,4,0.13065091336716206
Acetic Acid,MPI B/S,1,5,0.11629020972216578
Acetic Acid,MPI B/S,1,6,0.1057083129510787
Acetic Acid,MPI B/S,1,7,0.10847464921839066
Acetic Acid,MPI B/S,1,8,0.09838669831673343
Acetic Acid,MPI B/S,1,9,0.1051307284145818
Acetic Acid,MPI B/S,1,10,0.1111656880274312
Acetic Acid,MPI B/S,1,11,0.12438959369360299
Acetic Acid,MPI B/S,1,12,0.1348310086396225
Acetic Acid,MPI B/S,1,13,0.09950639123407788
Acetic Acid,MPI B/S,1,14,0.11971344775406989
Acetic Acid,Median,0,0,0.11505879504055991
Acetic Acid,Median,0,1,0.12423403510819785
Acetic Acid,Median,0,2,0.12056583240350423
Acetic Acid,Median,0,3,0.11027291614835566
Acetic Acid,Median,0,4,0.12698071892270843
Acetic Acid,Median,0,5,0.11769614024751934
Acetic Acid,Median,0,6,0.11812667500071967
Acetic Acid,Median,0,7,0.11488192895857277
Acetic Acid,Median,0,8,0.11739771950356223
Acetic Acid,Median,0,9,0.12395060678081832
Acetic Acid,Median,0,10,0.12021367010055442
Acetic Acid,Median,0,11,0.12334974874742642
Acetic Acid,Median,0,12,0.1235511471506551
Acetic Acid,Median,0,13,0.1293566049502542
Acetic Acid,Median,0,14,0.11928392827016002
Acetic Acid,Median,1,0,0.08839994459990239
Acetic Acid,Median,1,1,0.10380511543902153
Acetic Acid,Median,1,2,0.09533550222089288
Acetic Acid,Median,1,3,0.1040919552031498
Acetic Acid,Median,1,4,0.0996642264891112
Acetic Acid,Median,1,5,0.09654868560464039
Acetic Acid,Median,1,6,0.09945470570237151
Acetic Acid,Median,1,7,0.10915673052118173
Acetic Acid,Median,1,8,0.10991950445263803
Acetic Acid,Median,1,9,0.09776288642085652
Acetic Acid,Median,1,10,0.0983127649973107
Acetic Acid,Median,1,11,0.10385972057184573
Acetic Acid,Median,1,12,0.09222203093354261
Acetic Acid,Median,1,13,0.09935960404734573
Acetic Acid,Median,1,14,0.09718615546262072
Acetic Acid,N2S,0,0,0.15717653740819626
Acetic Acid,N2S,0,1,0.1409515902300375
Acetic Acid,N2S,0,2,0.13025732583491123
Acetic Acid,N2S,0,3,0.12342079201082408
Acetic Acid,N2S,0,4,0.13693500723865937
Acetic Acid,N2S,0,5,0.14625055682149524
Acetic Acid,N2S,0,6,0.14859084972623707
Acetic Acid,N2S,0,7,0.1801337907419569
Acetic Acid,N2S,0,8,0.16837831314453697
Acetic Acid,N2S,0,9,0.1391311818586707
Acetic Acid,N2S,0,10,0.15765454500043974
Acetic Acid,N2S,0,11,0.14698024928042522
Acetic Acid,N2S,0,12,0.14871569294431303
Acetic Acid,N2S,0,13,0.15535810537694905
Acetic Acid,N2S,0,14,0.16149360681892372
Acetic Acid,N2S,1,0,0.14223531614935722
Acetic Acid,N2S,1,1,0.16207828829938967
Acetic Acid,N2S,1,2,0.1308837103719177
Acetic Acid,N2S,1,3,0.1471228035196008
Acetic Acid,N2S,1,4,0.18376980978766716
Acetic Acid,N2S,1,5,0.15018797961505995
Acetic Acid,N2S,1,6,0.16730186957026946
Acetic Acid,N2S,1,7,0.14832744641197984
Acetic Acid,N2S,1,8,0.15524658408925682
Acetic Acid,N2S,1,9,0.1462301200036962
Acetic Acid,N2S,1,10,0.1446232285158102
Acetic Acid,N2S,1,11,0.13600960986914457
Acetic Acid,N2S,1,12,0.15311853581739976
Acetic Acid,N2S,1,13,0.13499060122183054
Acetic Acid,N2S,1,14,0.15644595232104386
Acetic Acid,CNMF,0,0,0.12494448966756683
Acetic Acid,CNMF,0,1,0.11841606775237158
Acetic Acid,CNMF,0,2,0.11248689767911309
Acetic Acid,CNMF,0,3,0.11921022805846877
Acetic Acid,CNMF,0,4,0.11228321865986628
Acetic Acid,CNMF,0,5,0.12358440967471099
Acetic Acid,CNMF,0,6,0.09845230907953198
Acetic Acid,CNMF,0,7,0.11203857561687619
Acetic Acid,CNMF,0,8,0.09700443299170652
Acetic Acid,CNMF,0,9,0.10150731656153858
Acetic Acid,CNMF,0,10,0.12747477480675146
Acetic Acid,CNMF,0,11,0.12321780230059062
Acetic Acid,CNMF,0,12,0.10855187716843011
Acetic Acid,CNMF,0,13,0.10143971555549786
Acetic Acid,CNMF,0,14,0.08816021056077213
Acetic Acid,CNMF,1,0,0.10138102911862881
Acetic Acid,CNMF,1,1,0.12830208332643792
Acetic Acid,CNMF,1,2,0.11026760477522174
Acetic Acid,CNMF,1,3,0.10123500452975408
Acetic Acid,CNMF,1,4,0.11054187300268874
Acetic Acid,CNMF,1,5,0.09213946388923153
Acetic Acid,CNMF,1,6,0.10361699866669787
Acetic Acid,CNMF,1,7,0.10722112123895919
Acetic Acid,CNMF,1,8,0.10553552421283466
Acetic Acid,CNMF,1,9,0.11350042552282903
Acetic Acid,CNMF,1,10,0.1094479679435115
Acetic Acid,CNMF,1,11,0.11238794473588845
Acetic Acid,CNMF,1,12,0.10006512046761615
Acetic Acid,CNMF,1,13,0.11447238563732186
Acetic Acid,CNMF,1,14,0.12111312679858552
Acetic Acid,FBCL,0,0,0.3505386823010064
Acetic Acid,FBCL,0,1,0.3516288708140488
Acetic Acid,FBCL,0,2,0.3810272789729736
Acetic Acid,FBCL,0,3,0.36083589343683814
Acetic Acid,FBCL,0,4,0.38192685132888743
Acetic Acid,FBCL,0,5,0.3575146866394109
Acetic Acid,FBCL,0,6,0.3826041272568186
Acetic Acid,FBCL,0,7,0.36510428459087246
Acetic Acid,FBCL,0,8,0.3667800552972566
Acetic Acid,FBCL,0,9,0.38405419441513927
Acetic Acid,FBCL,0,10,0.3585825484307738
Acetic Acid,FBCL,0,11,0.35092247709725793
Acetic Acid,FBCL,0,12,0.3574349790681125
Acetic Acid,FBCL,0,13,0.36934647450460206
Acetic Acid,FBCL,0,14,0.34266365181216396
Acetic Acid,FBCL,1,0,0.37648987357258334
Acetic Acid,FBCL,1,1,0.3609378339729021
Acetic Acid,FBCL,1,2,0.3832375103214622
Acetic Acid,FBCL,1,3,0.3364049293468486
Acetic Acid,FBCL,1,4,0.35766154517030363
Acetic Acid,FBCL,1,5,0.3457632157716013
Acetic Acid,FBCL,1,6,0.35713711977006535
Acetic Acid,FBCL,1,7,0.3713359497330258
Acetic Acid,FBCL,1,8,0.36569166204852893
Acetic Acid,FBCL,1,9,0.364711253090436
Acetic Acid,FBCL,1,10,0.36595665011609524
Acetic Acid,FBCL,1,11,0.3707505193536021
Acetic Acid,FBCL,1,12,0.3547266986562566
Acetic Acid,FBCL,1,13,0.37740718538643836
Acetic Acid,FBCL,1,14,0.37682299772368877
Gerinol,MPI B/S,0,0,0.11329485330946668
Gerinol,MPI B/S,0,1,0.1149856285291912
Gerinol,MPI B/S,0,2,0.11242114881725819
Gerinol,MPI B/S,0,3,0.1295625619318576
Gerinol,MPI B/S,0,4,0.1086401000003473
Gerinol,MPI B/S,0,5,0.10647122665553904
Gerinol,MPI B/S,0,6,0.10206972899602301
Gerinol,MPI B/S,0,7,0.09932167805934732
Gerinol,MPI B/S,0,8,0.09722950709391345
Gerinol,MPI B/S,0,9,0.10073610388325735
Gerinol,MPI B/S,0,10,0.10880192364910496
Gerinol,MPI B/S,0,11,0.11279457964773656
Gerinol,MPI B/S,0,12,0.11000297182228826
Gerinol,MPI B/S,0,13,0.10195134503811928
Gerinol,MPI B/S,0,14,0.11837368700774578
Gerinol,MPI B/S,1,0,0.07821911826294167
Gerinol,MPI B/S,1,1,0.06935527063793634
Gerinol,MPI B/S,1,2,0.06449214005364334
Gerinol,MPI B/S,1,3,0.07633619844557689
Gerinol,MPI B/S,1,4,0.07278247699776598
Gerinol,MPI B/S,1,5,0.05665214887414677
Gerinol,MPI B/S,1,6,0.07025902651028498
Gerinol,MPI B/S,1,7,0.0735126569169542
Gerinol,MPI B/S,1,8,0.062059147934577924
Gerinol,MPI B/S,1,9,0.07280091142000927
Gerinol,MPI B/S,1,10,0.056586140602156866
Gerinol,MPI B/S,1,11,0.08410271108832974
Gerinol,MPI B/S,1,12,0.08323279069849754
Gerinol,MPI B/S,1,13,0.06843967434144387
Gerinol,MPI B/S,1,14,0.07451254277453855
Gerinol,Median,0,0,0.0713565448490885
Gerinol,Median,0,1,0.07782997472718024
Gerinol,Median,0,2,0.08228426054773698
Gerinol,Median,0,3,0.07826485725215128
Gerinol,Median,0,4,0.08749045594111524
Gerinol,Median,0,5,0.09411532330272473
Gerinol,Median,0,6,0.07772531608368871
Gerinol,Median,0,7,0.07947668594525147
Gerinol,Median,0,8,0.08501717851383306
Gerinol,Median,0,9,0.09212109638395145
Gerinol,Median,0,10,0.07748901456095993
Gerinol,Median,0,11,0.08508734537375678
Gerinol,Median,0,12,0.09320647519157947
Gerinol,Median,0,13,0.0752716808042329
Gerinol,Median,0,14,0.07718591543008757
Gerinol,Median,1,0,0.0759339166721464
Gerinol,Median,1,1,0.07543310477741134
Gerinol,Median,1,2,0.0823176667878035
Gerinol,Median,1,3,0.07936933720878843
Gerinol,Median,1,4,0.06895554711884277
Gerinol,Median,1,5,0.08078297965756394
Gerinol,Median,1,6,0.07513901379168063
Gerinol,Median,1,7,0.08470262891081316
Gerinol,Median,1,8,0.07488056367915805
Gerinol,Median,1,9,0.07483394459583997
Gerinol,Median,1,10,0.08091580340403788
Gerinol,Median,1,11,0.0820611471956635
Gerinol,Median,1,12,0.08043538694699616
Gerinol,Median,1,13,0.06941702466351041
Gerinol,Median,1,14,0.08089980968240562
Gerinol,N2S,0,0,0.09553280846351273
Gerinol,N2S,0,1,0.11090823622934781
Gerinol,N2S,0,2,0.09081662074919723
Gerinol,N2S,0,3,0.11346413065130549
Gerinol,N2S,0,4,0.0982905031861408
Gerinol,N2S,0,5,0.09252542400694833
Gerinol,N2S,0,6,0.11670369217503568
Gerinol,N2S,0,7,0.11098536150558559
Gerinol,N2S,0,8,0.10062327269852485
Gerinol,N2S,0,9,0.1256335496434939
Gerinol,N2S,0,10,0.10272233517830606
Gerinol,N2S,0,11,0.10844774426097364
Gerinol,N2S,0,12,0.11131560459944703
Gerinol,N2S,0,13,0.10055437387955765
Gerinol,N2S,0,14,0.11376464488126616
Gerinol,N2S,1,0,0.10901275061130385
Gerinol,N2S,1,1,0.11048799171438149
Gerinol,N2S,1,2,0.13197560124608923
Gerinol,N2S,1,3,0.10287105644102079
Gerinol,N2S,1,4,0.08625295846926097
Gerinol,N2S,1,5,0.13498259521595957
Gerinol,N2S,1,6,0.14634707407613842
Gerinol,N2S,1,7,0.1105651248222835
Gerinol,N2S,1,8,0.09201690584440073
Gerinol,N2S,1,9,0.11171303168056852
Gerinol,N2S,1,10,0.11200684730070978
Gerinol,N2S,1,11,0.11317308742436315
Gerinol,N2S,1,12,0.10198938056496312
Gerinol,N2S,1,13,0.12249201335541372
Gerinol,N2S,1,14,0.12182527912450017
Gerinol,CNMF,0,0,0.07261420540618677
Gerinol,CNMF,0,1,0.08960577615741858
Gerinol,CNMF,0,2,0.10008985106243767
Gerinol,CNMF,0,3,0.0855218205697387
Gerinol,CNMF,0,4,0.08157691209236857
Gerinol,CNMF,0,5,0.08308986939324815
Gerinol,CNMF,0,6,0.08895557998648597
Gerinol,CNMF,0,7,0.07078409695049764
Gerinol,CNMF,0,8,0.0854631864720695
Gerinol,CNMF,0,9,0.08116530081513698
Gerinol,CNMF,0,10,0.0985030125660332
Gerinol,CNMF,0,11,0.08284068536748462
Gerinol,CNMF,0,12,0.09710922344468781
Gerinol,CNMF,0,13,0.07564028288018253
Gerinol,CNMF,0,14,0.08873871150813438
Gerinol,CNMF,1,0,0.08138904745966342
Gerinol,CNMF,1,1,0.07218337261869268
Gerinol,CNMF,1,2,0.0802890880501296
Gerinol,CNMF,1,3,0.08830711417881121
Gerinol,CNMF,1,4,0.07640690389810381
Gerinol,CNMF,1,5,0.06580909732950911
Gerinol,CNMF,1,6,0.0787789425858691
Gerinol,CNMF,1,7,0.07192484442005934
Gerinol,CNMF,1,8,0.0762632221464476
Gerinol,CNMF,1,9,0.0782830075082987
Gerinol,CNMF,1,10,0.06570305840068831
Gerinol,CNMF,1,11,0.06640014797208782
Gerinol,CNMF,1,12,0.08264905730628659
Gerinol,CNMF,1,13,0.0748660220447552
Gerinol,CNMF,1,14,0.05904855940848654
Gerinol,FBCL,0,0,0.20338767414183884
Gerinol,FBCL,0,1,0.19824369838573164
Gerinol,FBCL,0,2,0.1883442392511938
Gerinol,FBCL,0,3,0.18229205672062626
Gerinol,FBCL,0,4,0.2038992253909747
Gerinol,FBCL,0,5,0.19901639611794478
Gerinol,FBCL,0,6,0.2194252197929935
Gerinol,FBCL,0,7,0.19972743439883855
Gerinol,FBCL,0,8,0.19940136065874692
Gerinol,FBCL,0,9,0.1938342348757943
Gerinol,FBCL,0,10,0.20370819083584582
Gerinol,FBCL,0,11,0.20178409010679876
Gerinol,FBCL,0,12,0.20807400570658355
Gerinol,FBCL,0,13,0.19027698469665824
Gerinol,FBCL,0,14,0.19113936352388694
Gerinol,FBCL,1,0,0.22037939154423272
Gerinol,FBCL,1,1,0.23312609945799403
Gerinol,FBCL,1,2,0.2402283815536942
Gerinol,FBCL,1,3,0.22058277877157562
Gerinol,FBCL,1,4,0.22092472493641577
Gerinol,FBCL,1,5,0.22834096321638986
Gerinol,FBCL,1,6,0.2227215654673225
Gerinol,FBCL,1,7,0.23474467049432646
Gerinol,FBCL,1,8,0.20258612263809855
Gerinol,FBCL,1,9,0.21689032743297115
Gerinol,FBCL,1,10,0.21733487669916854
Gerinol,FBCL,1,11,0.20189776169003973
Gerinol,FBCL,1,12,0.2155158544060309
Gerinol,FBCL,1,13,0.21600249721251905
Gerinol,FBCL,1,14,0.2231698098747644
n Methyl Piperidine,MPI B/S,0,0,0.22890700918997667
n Methyl Piperidine,MPI B/S,0,1,0.20845529176921462
n Methyl Piperidine,MPI B/S,0,2,0.19662194446394515
n Methyl Piperidine,MPI B/S,0,3,0.21128814730257967
n Methyl Piperidine,MPI B/S,0,4,0.2279463052250842
n Methyl Piperidine,MPI B/S,0,5,0.1974480527641492
n Methyl Piperidine,MPI B/S,0,6,0.19843272696813904
n Methyl Piperidine,MPI B/S,0,7,0.22055755645347785
n Methyl Piperidine,MPI B/S,0,8,0.20880956846153215
n Methyl Piperidine,MPI B/S,0,9,0.22189691793908184
n Methyl Piperidine,MPI B/S,0,10,0.21194035683257267
n Methyl Piperidine,MPI B/S,0,11,0.22271284656162776
n Methyl Piperidine,MPI B/S,0,12,0.1965577232034672
n Methyl Piperidine,MPI B/S,0,13,0.2119638824894277
n Methyl Piperidine,MPI B/S,0,14,0.20897290945177693
n Methyl Piperidine,MPI B/S,1,0,0.1970994487041655
n Methyl Piperidine,MPI B/S,1,1,0.1918648296707019
n Methyl Piperidine,MPI B/S,1,2,0.22573791920386363
n Methyl Piperidine,MPI B/S,1,3,0.21012531976545212
n Methyl Piperidine,MPI B/S,1,4,0.20001520183875884
n Methyl Piperidine,MPI B/S,1,5,0.21396217740045925
n Methyl Piperidine,MPI B/S,1,6,0.23239844986316305
n Methyl Piperidine,MPI B/S,1,7,0.18106298134291796
n Methyl Piperidine,MPI B/S,1,8,0.1928714209068726
n Methyl Piperidine,MPI B/S,1,9,0.20151206118563594
n Methyl Piperidine,MPI B/S,1,10,0.23741579978421123
n Methyl Piperidine,MPI B/S,1,11,0.2196663468822825
n Methyl Piperidine,MPI B/S,1,12,0.22696632662474672
n Methyl Piperidine,MPI B/S,1,13,0.19823993352770172
n Methyl Piperidine,MPI B/S,1,14,0.19855054422301416
n Methyl Piperidine,Median,0,0,0.20283498552438994
n Methyl Piperidine,Median,0,1,0.19961489798513984
n Methyl Piperidine,Median,0,2,0.2036692725712474
n Methyl Piperidine,Median,0,3,0.19758181610647377
n Methyl Piperidine,Median,0,4,0.20143242588246116
n Methyl Piperidine,Median,0,5,0.20044025444419836
n Methyl Piperidine,Median,0,6,0.205562513850585
n Methyl Piperidine,Median,0,7,0.2058042307043077
n Methyl Piperidine,Median,0,8,0.18574267281770673
n Methyl Piperidine,Median,0,9,0.18055636323825938
n Methyl Piperidine,Median,0,10,0.20741400517794767
n Methyl Piperidine,Median,0,11,0.2089513873329725
n Methyl Piperidine,Median,0,12,0.1906963032523151
n Methyl Piperidine,Median,0,13,0.18375903978457728
n Methyl Piperidine,Median,0,14,0.19995184041243388
n Methyl Piperidine,Median,1,0,0.21575510410873772
n Methyl Piperidine,Median,1,1,0.22292005648690422
n Methyl Piperidine,Median,1,2,0.2123283461377503
n Methyl Piperidine,Median,1,3,0.2049876669006644
n Methyl Piperidine,Median,1,4,0.20067745195465056
n Methyl Piperidine,Median,1,5,0.20815508593309473
n Methyl Piperidine,Median,1,6,0.20558658389699588
n Methyl Piperidine,Median,1,7,0.19966946985176667
n Methyl Piperidine,Median,1,8,0.22499625429772022
n Methyl Piperidine,Median,1,9,0.2228173372323194
n Methyl Piperidine,Median,1,10,0.21745145538996652
n Methyl Piperidine,Median,1,11,0.20044830925620388
n Methyl Piperidine,Median,1,12,0.21512835490018753
n Methyl Piperidine,Median,1,13,0.21334783137344196
n Methyl Piperidine,Median,1,14,0.21171868319457995
n Methyl Piperidine,N2S,0,0,0.3002071541173722
n Methyl Piperidine,N2S,0,1,0.2882323571261095
n Methyl Piperidine,N2S,0,2,0.2902722265488977
n Methyl Piperidine,N2S,0,3,0.28826228252381036
n Methyl Piperidine,N2S,0,4,0.2824899409384681
n Methyl Piperidine,N2S,0,5,0.24107771165704622
n Methyl Piperidine,N2S,0,6,0.27747676829074336
n Methyl Piperidine,N2S,0,7,0.2650045161236415
n Methyl Piperidine,N2S,0,8,0.25089800018555797
n Methyl Piperidine,N2S,0,9,0.30863133482993327
n Methyl Piperidine,N2S,0,10,0.3095510174234109
n Methyl Piperidine,N2S,0,11,0.3023427807225375
n Methyl Piperidine,N2S,0,12,0.2808217187781797
n Methyl Piperidine,N2S,0,13,0.30217522398363583
n Methyl Piperidine,N2S,0,14,0.27608165314697297
n Methyl Piperidine,N2S,1,0,0.2901173001890173
n Methyl Piperidine,N2S,1,1,0.2648483723461387
n Methyl Piperidine,N2S,1,2,0.2939028386890527
n Methyl Piperidine,N2S,1,3,0.28734119193714375
n Methyl Piperidine,N2S,1,4,0.2607706889145663
n Methyl Piperidine,N2S,1,5,0.2851660380459483
n Methyl Piperidine,N2S,1,6,0.2846098381615702
n Methyl Piperidine,N2S,1,7,0.3212049715127978
n Methyl Piperidine,N2S,1,8,0.3035954803126121
n Methyl Piperidine,N2S,1,9,0.28638716616781856
n Methyl Piperidine,N2S,1,10,0.2910138109742563
n Methyl Piperidine,N2S,1,11,0.2870259113995506
n Methyl Piperidine,N2S,1,12,0.28220853172682164
n Methyl Piperidine,N2S,1,13,0.2650636629134543
n Methyl Piperidine,N2S,1,14,0.28321951031293346
n Methyl Piperidine,CNMF,0,0,0.20239725423592247
n Methyl Piperidine,CNMF,0,1,0.19611473927241507
n Methyl Piperidine,CNMF,0,2,0.21806338159605673
n Methyl Piperidine,CNMF,0,3,0.2165687231514864
n Methyl Piperidine,CNMF,0,4,0.18943132973513194
n Methyl Piperidine,CNMF,0,5,0.21016494790396378
n Methyl Piperidine,CNMF,0,6,0.22409996594879483
n Methyl Piperidine,CNMF,0,7,0.2248914503886377
n Methyl Piperidine,CNMF,0,8,0.22447545180796608
n Methyl Piperidine,CNMF,0,9,0.212178446669655
n Methyl Piperidine,CNMF,0,10,0.2011643800802755
n Methyl Piperidine,CNMF,0,11,0.19819077280078629
n Methyl Piperidine,CNMF,0,12,0.2159873455977264
n Methyl Piperidine,CNMF,0,13,0.21641939548638855
n Methyl Piperidine,CNMF,0,14,0.22773365360681272
n Methyl Piperidine,CNMF,1,0,0.21813133703110632
n Methyl Piperidine,CNMF,1,1,0.20277810064216742
n Methyl Piperidine,CNMF,1,2,0.1889229358471296
n Methyl Piperidine,CNMF,1,3,0.20044961350240462
n Methyl Piperidine,CNMF,1,4,0.20713234795259755
n Methyl Piperidine,CNMF,1,5,0.20190771695005125
n Methyl Piperidine,CNMF,1,6,0.19722513773012615
n Methyl Piperidine,CNMF,1,7,0.20757658977062046
n Methyl Piperidine,CNMF,1,8,0.19814638011166708
n Methyl Piperidine,CNMF,1,9,0.19659999813487855
n Methyl Piperidine,CNMF,1,10,0.2083063435311202
n Methyl Piperidine,CNMF,1,11,0.1994168594744967
n Methyl Piperidine,CNMF,1,12,0.2074671862265185
n Methyl Piperidine,CNMF,1,13,0.20782976579622556
n Methyl Piperidine,CNMF,1,14,0.1902284490168703
n Methyl Piperidine,FBCL,0,0,0.4522957794658019
n Methyl Piperidine,FBCL,0,1,0.4804649775778602
n Methyl Piperidine,FBCL,0,2,0.44230177689734984
n Methyl Piperidine,FBCL,0,3,0.4282896052564785
n Methyl Piperidine,FBCL,0,4,0.4320299418732226
n Methyl Piperidine,FBCL,0,5,0.45978720473235324
n Methyl Piperidine,FBCL,0,6,0.4598137344867104
n Methyl Piperidine,FBCL,0,7,0.4576334952823216
n Methyl Piperidine,FBCL,0,8,0.47718295030381236
n Methyl Piperidine,FBCL,0,9,0.420125458990908
n Methyl Piperidine,FBCL,0,10,0.4651718001621655
n Methyl Piperidine,FBCL,0,11,0.48228019685621354
n Methyl Piperidine,FBCL,0,12,0.4428052470007364
n Methyl Piperidine,FBCL,0,13,0.45378473453970253
n Methyl Piperidine,FBCL,0,14,0.4483082271024512
n Methyl Piperidine,FBCL,1,0,0.4213052746612186
n Methyl Piperidine,FBCL,1,1,0.42964416015624407
n Methyl Piperidine,FBCL,1,2,0.45538735442129985
n Methyl Piperidine,FBCL,1,3,0.4614042824169396
n Methyl Piperidine,FBCL,1,4,0.4295021085867562
n Methyl Piperidine,FBCL,1,5,0.462397659890084
n Methyl Piperidine,FBCL,1,6,0.434955574403254
n Methyl Piperidine,FBCL,1,7,0.4601757169561559
n Methyl Piperidine,FBCL,1,8,0.43306382098909835
n Methyl Piperidine,FBCL,1,9,0.4363571417404681
n Methyl Piperidine,FBCL,1,10,0.4397981353837135
n Methyl Piperidine,FBCL,1,11,0.4810956290000016
n Methyl Piperidine,FBCL,1,12,0.4469293393266274
n Methyl Piperidine,FBCL,1,13,0.42405143760273556
n Methyl Piperidine,FBCL,1,14,0.44865723393731605
"2,4 Dimethyl Acetophenone",MPI B/S,0,0,0.17538224250894863
"2,4 Dimethyl Acetophenone",MPI B/S,0,1,0.1735987200259834
"2,4 Dimethyl Acetophenone",MPI B/S,0,2,0.1930955720805585
"2,4 Dimethyl Acetophenone",MPI B/S,0,3,0.1808605977833068
"2,4 Dimethyl Acetophenone",MPI B/S,0,4,0.18431129107303712
"2,4 Dimethyl Acetophenone",MPI B/S,0,5,0.18062217182678397
"2,4 Dimethyl Acetophenone",MPI B/S,0,6,0.18512007055207189
"2,4 Dimethyl Acetophenone",MPI B/S,0,7,0.18635236855034037
"2,4 Dimethyl Acetophenone",MPI B/S,0,8,0.15342055309274458
"2,4 Dimethyl Acetophenone",MPI B/S,0,9,0.18972102895424803
"2,4 Dimethyl Acetophenone",MPI B/S,0,10,0.16673513802266762
"2,4 Dimethyl Acetophenone",MPI B/S,0,11,0.16031757759765028
"2,4 Dimethyl Acetophenone",MPI B/S,0,12,0.17961276672492033
"2,4 Dimethyl Acetophenone",MPI B/S,0,13,0.18159810481187053
"2,4 Dimethyl Acetophenone",MPI B/S,0,14,0.17075780334065546
"2,4 Dimethyl Acetophenone",MPI B/S,1,0,0.19945742805727856
"2,4 Dimethyl Acetophenone",MPI B/S,1,1,0.16915696745420972
"2,4 Dimethyl Acetophenone",MPI B/S,1,2,0.18219665599295978
"2,4 Dimethyl Acetophenone",MPI B/S,1,3,0.17971581887237867
"2,4 Dimethyl Acetophenone",MPI B/S,1,4,0.1872210126957711
"2,4 Dimethyl Acetophenone",MPI B/S,1,5,0.19175869912462828
"2,4 Dimethyl Acetophenone",MPI B/S,1,6,0.1738177775044347
"2,4 Dimethyl Acetophenone",MPI B/S,1,7,0.19796905198742556
"2,4 Dimethyl Acetophenone",MPI B/S,1,8,0.1887489925395763
"2,4 Dimethyl Acetophenone",MPI B/S,1,9,0.16149165210399383
"2,4 Dimethyl Acetophenone",MPI B/S,1,10,0.16056243558512584
"2,4 Dimethyl Acetophenone",MPI B/S,1,11,0.18769880219671323
"2,4 Dimethyl Acetophenone",MPI B/S,1,12,0.18478967702494778
"2,4 Dimethyl Acetophenone",MPI B/S,1,13,0.18642860713644663
"2,4 Dimethyl Acetophenone",MPI B/S,1,14,0.18748041477832236
"2,4 Dimethyl Acetophenone",Median,0,0,0.1668697964930775
"2,4 Dimethyl Acetophenone",Median,0,1,0.17230549081219268
"2,4 Dimethyl Acetophenone",Median,0,2,0.15680774986873267
"2,4 Dimethyl Acetophenone",Median,0,3,0.1563495620568742
"2,4 Dimethyl Acetophenone",Median,0,4,0.15694160069803026
"2,4 Dimethyl Acetophenone",Median,0,5,0.16734672936531492
"2,4 Dimethyl Acetophenone",Median,0,6,0.1745434671128194
"2,4 Dimethyl Acetophenone",Median,0,7,0.16192483837433436
"2,4 Dimethyl Acetophenone",Median,0,8,0.1463397314260508
"2,4 Dimethyl Acetophenone",Median,0,9,0.15234465143190484
"2,4 Dimethyl Acetophenone",Median,0,10,0.15890097106951803
"2,4 Dimethyl Acetophenone",Median,0,11,0.16097341316442781
"2,4 Dimethyl Acetophenone",Median,0,12,0.16209760580300278
"2,4 Dimethyl Acetophenone",Median,0,13,0.16546227184865878
"2,4 Dimethyl Acetophenone",Median,0,14,0.16282510258149502
"2,4 Dimethyl Acetophenone",Median,1,0,0.18677322254106246
"2,4 Dimethyl Acetophenone",Median,1,1,0.1737852075140976
"2,4 Dimethyl Acetophenone",Median,1,2,0.17238278714051683
"2,4 Dimethyl Acetophenone",Median,1,3,0.1824789250133431
"2,4 Dimethyl Acetophenone",Median,1,4,0.1673141873729482
"2,4 Dimethyl Acetophenone",Median,1,5,0.18180757350637233
"2,4 Dimethyl Acetophenone",Median,1,6,0.17964607324042153
"2,4 Dimethyl Acetophenone",Median,1,7,0.17776417417627038
"2,4 Dimethyl Acetophenone",Median,1,8,0.19083018910297975
"2,4 Dimethyl Acetophenone",Median,1,9,0.17419027342754925
"2,4 Dimethyl Acetophenone",Median,1,10,0.19438344211081848
"2,4 Dimethyl Acetophenone",Median,1,11,0.17717709461845282
"2,4 Dimethyl Acetophenone",Median,1,12,0.16926105035051411
"2,4 Dimethyl Acetophenone",Median,1,13,0.17940041640346552
"2,4 Dimethyl Acetophenone",Median,1,14,0.17077240137475394
"2,4 Dimethyl Acetophenone",N2S,0,0,0.21650126260126096
"2,4 Dimethyl Acetophenone",N2S,0,1,0.2366187441009922
"2,4 Dimethyl Acetophenone",N2S,0,2,0.23939523474611174
"2,4 Dimethyl Acetophenone",N2S,0,3,0.21877059737521337
"2,4 Dimethyl Acetophenone",N2S,0,4,0.2469572772363518
"2,4 Dimethyl Acetophenone",N2S,0,5,0.24993609730619853
"2,4 Dimethyl Acetophenone",N2S,0,6,0.25481831012872325
"2,4 Dimethyl Acetophenone",N2S,0,7,0.238936971393403
"2,4 Dimethyl Acetophenone",N2S,0,8,0.2535421646090014
"2,4 Dimethyl Acetophenone",N2S,0,9,0.19672958103400962
"2,4 Dimethyl Acetophenone",N2S,0,10,0.22409878845404313
"2,4 Dimethyl Acetophenone",N2S,0,11,0.21448302640192446
"2,4 Dimethyl Acetophenone",N2S,0,12,0.2317538078131792
"2,4 Dimethyl Acetophenone",N2S,0,13,0.2196587743799295
"2,4 Dimethyl Acetophenone",N2S,0,14,0.2267561967390942
"2,4 Dimethyl Acetophenone",N2S,1,0,0.2538706986110795
"2,4 Dimethyl Acetophenone",N2S,1,1,0.21793812275553728
"2,4 Dimethyl Acetophenone",N2S,1,2,0.22815652895532984
"2,4 Dimethyl Acetophenone",N2S,1,3,0.21684276153502202
"2,4 Dimethyl Acetophenone",N2S,1,4,0.2222361225614299
"2,4 Dimethyl Acetophenone",N2S,1,5,0.22101560249032484
"2,4 Dimethyl Acetophenone",N2S,1,6,0.22876124551154656
"2,4 Dimethyl Acetophenone",N2S,1,7,0.24131698884532285
"2,4 Dimethyl Acetophenone",N2S,1,8,0.24975923910509745
"2,4 Dimethyl Acetophenone",N2S,1,9,0.22633227511378495
"2,4 Dimethyl Acetophenone",N2S,1,10,0.23123432551523143
"2,4 Dimethyl Acetophenone",N2S,1,11,0.20075641395813573
"2,4 Dimethyl Acetophenone",N2S,1,12,0.2193713501915152
"2,4 Dimethyl Acetophenone",N2S,1,13,0.23737649473268713
"2,4 Dimethyl Acetophenone",N2S,1,14,0.2360749957985191
"2,4 Dimethyl Acetophenone",CNMF,0,0,0.1634845615127299
"2,4 Dimethyl Acetophenone",CNMF,0,1,0.17110394819864114
"2,4 Dimethyl Acetophenone",CNMF,0,2,0.16663668757516079
"2,4 Dimethyl Acetophenone",CNMF,0,3,0.17464851710569976
"2,4 Dimethyl Acetophenone",CNMF,0,4,0.16436247611682606
"2,4 Dimethyl Acetophenone",CNMF,0,5,0.15707875174565364
"2,4 Dimethyl Acetophenone",CNMF,0,6,0.1648873329223614
"2,4 Dimethyl Acetophenone",CNMF,0,7,0.12800408167942692
"2,4 Dimethyl Acetophenone",CNMF,0,8,0.1654185398862477
"2,4 Dimethyl Acetophenone",CNMF,0,9,0.11989877020508055
"2,4 Dimethyl Acetophenone",CNMF,0,10,0.14163450939870792
"2,4 Dimethyl Acetophenone",CNMF,0,11,0.16619633693641725
"2,4 Dimethyl Acetophenone",CNMF,0,12,0.16648721660371307
"2,4 Dimethyl Acetophenone",CNMF,0,13,0.14796948226813228
"2,4 Dimethyl Acetophenone",CNMF,0,14,0.1530543870683306
"2,4 Dimethyl Acetophenone",CNMF,1,0,0.19669466055748513
"2,4 Dimethyl Acetophenone",CNMF,1,1,0.17575360423077502
"2,4 Dimethyl Acetophenone",CNMF,1,2,0.20654521002354148
"2,4 Dimethyl Acetophenone",CNMF,1,3,0.18119739572827578
"2,4 Dimethyl Acetophenone",CNMF,1,4,0.18582645105188408
"2,4 Dimethyl Acetophenone",CNMF,1,5,0.1994761563736293
"2,4 Dimethyl Acetophenone",CNMF,1,6,0.18269857837030748
"2,4 Dimethyl Acetophenone",CNMF,1,7,0.16990101686372744
"2,4 Dimethyl Acetophenone",CNMF,1,8,0.17998007654949758
"2,4 Dimethyl Acetophenone",CNMF,1,9,0.18081697209760028
"2,4 Dimethyl Acetophenone",CNMF,1,10,0.16580897101594616
"2,4 Dimethyl Acetophenone",CNMF,1,11,0.17833032311793198
"2,4 Dimethyl Acetophenone",CNMF,1,12,0.17283854525152897
"2,4 Dimethyl Acetophenone",CNMF,1,13,0.19165654253675438
"2,4 Dimethyl Acetophenone",CNMF,1,14,0.18160989700798635
"2,4 Dimethyl Acetophenone",FBCL,0,0,0.4248800106958162
"2,4 Dimethyl Acetophenone",FBCL,0,1,0.4274501878030918
"2,4 Dimethyl Acetophenone",FBCL,0,2,0.43224239193636765
"2,4 Dimethyl Acetophenone",FBCL,0,3,0.4379716074649099
"2,4 Dimethyl Acetophenone",FBCL,0,4,0.414447065307487
"2,4 Dimethyl Acetophenone",FBCL,0,5,0.41383767242139274
"2,4 Dimethyl Acetophenone",FBCL,0,6,0.4450712755729752
"2,4 Dimethyl Acetophenone",FBCL,0,7,0.42299486019223226
"2,4 Dimethyl Acetophenone",FBCL,0,8,0.40837677230334307
"2,4 Dimethyl Acetophenone",FBCL,0,9,0.43545399885634084
"2,4 Dimethyl Acetophenone",FBCL,0,10,0.43573860400509606
"2,4 Dimethyl Acetophenone",FBCL,0,11,0.4067196301647153
"2,4 Dimethyl Acetophenone",FBCL,0,12,0.4323349415903118
"2,4 Dimethyl Acetophenone",FBCL,0,13,0.43969999481150923
"2,4 Dimethyl Acetophenone",FBCL,0,14,0.43444367146737956
"2,4 Dimethyl Acetophenone",FBCL,1,0,0.45802336483312195
"2,4 Dimethyl Acetophenone",FBCL,1,1,0.42839077620635885
"2,4 Dimethyl Acetophenone",FBCL,1,2,0.4536439084560098
"2,4 Dimethyl Acetophenone",FBCL,1,3,0.4444225563581847
"2,4 Dimethyl Acetophenone",FBCL,1,4,0.4418006220189625
"2,4 Dimethyl Acetophenone",FBCL,1,5,0.4614952208932894
"2,4 Dimethyl Acetophenone",FBCL,1,6,0.4703536182590021
"2,4 Dimethyl Acetophenone",FBCL,1,7,0.47493905421394056
"2,4 Dimethyl Acetophenone",FBCL,1,8,0.4679602132897236
"2,4 Dimethyl Acetophenone",FBCL,1,9,0.44722952865870436
"2,4 Dimethyl Acetophenone",FBCL,1,10,0.4539594073268796
"2,4 Dimethyl Acetophenone",FBCL,1,11,0.4599856475780621
"2,4 Dimethyl Acetophenone",FBCL,1,12,0.450589883344788
"2,4 Dimethyl Acetophenone",FBCL,1,13,0.4507293873271571
"2,4 Dimethyl Acetophenone",FBCL,1,14,0.4608141266428462
4 Heptanone,MPI B/S,0,0,0.3110052273447731
4 Heptanone,MPI B/S,0,1,0.2985496331444326
4 Heptanone,MPI B/S,0,2,0.30440212375762304
4 Heptanone,MPI B/S,0,3,0.32389190752106933
4 Heptanone,MPI B/S,0,4,0.31216295694995067
4 Heptanone,MPI B/S,0,5,0.3184319230667038
4 Heptanone,MPI B/S,0,6,0.32456429828780947
4 Heptanone,MPI B/S,0,7,0.30513888794080707
4 Heptanone,MPI B/S,0,8,0.3261662061165286
4 Heptanone,MPI B/S,0,9,0.3191501159598408
4 Heptanone,MPI B/S,0,10,0.2891517402063271
4 Heptanone,MPI B/S,0,11,0.3389202184033189
4 Heptanone,MPI B/S,0,12,0.3027983056528024
4 Heptanone,MPI B/S,0,13,0.28133855854590534
4 Heptanone,MPI B/S,0,14,0.2926796136687298
4 Heptanone,MPI B/S,1,0,0.31466496215372847
4 Heptanone,MPI B/S,1,1,0.3346164371808156
4 Heptanone,MPI B/S,1,2,0.3285555499410969
4 Heptanone,MPI B/S,1,3,0.327384704402803
4 Heptanone,MPI B/S,1,4,0.3451669763695291
4 Heptanone,MPI B/S,1,5,0.33996491023397674
4 Heptanone,MPI B/S,1,6,0.33952194955841225
4 Heptanone,MPI B/S,1,7,0.3412653606804583
4 Heptanone,MPI B/S,1,8,0.3451006591676158
4 Heptanone,MPI B/S,1,9,0.29445899118931174
4 Heptanone,MPI B/S,1,10,0.32687149473592825
4 Heptanone,MPI B/S,1,11,0.2931157155874786
4 Heptanone,MPI B/S,1,12,0.33431688406886195
4 Heptanone,MPI B/S,1,13,0.333560390051798
4 Heptanone,MPI B/S,1,14,0.35308329811156336
4 Heptanone,Median,0,0,0.3169892136219489
4 Heptanone,Median,0,1,0.3069778224798531
4 Heptanone,Median,0,2,0.2998302325021089
4 Heptanone,Median,0,3,0.3098483616676017
4 Heptanone,Median,0,4,0.2995501117909501
4 Heptanone,Median,0,5,0.3049023964693111
4 Heptanone,Median,0,6,0.3149409251408108
4 Heptanone,Median,0,7,0.29924663987268363
4 Heptanone,Median,0,8,0.313106518627456
4 Heptanone,Median,0,9,0.3118025416308106
4 Heptanone,Median,0,10,0.2952108074968841
4 Heptanone,Median,0,11,0.31481647961401193
4 Heptanone,Median,0,12,0.31201768997787044
4 Heptanone,Median,0,13,0.3059526604589114
4 Heptanone,Median,0,14,0.29716730619518156
4 Heptanone,Median,1,0,0.30379450098784566
4 Heptanone,Median,1,1,0.30706308668166976
4 Heptanone,Median,1,2,0.3180442240635041
4 Heptanone,Median,1,3,0.3028143713704494
4 Heptanone,Median,1,4,0.3169760317789221
4 Heptanone,Median,1,5,0.2999057702768378
4 Heptanone,Median,1,6,0.3104541698449348
4 Heptanone,Median,1,7,0.3136431906885337
4 Heptanone,Median,1,8,0.33738407089435996
4 Heptanone,Median,1,9,0.29852776085985155
4 Heptanone,Median,1,10,0.3274920586611065
4 Heptanone,Median,1,11,0.314051781478142
4 Heptanone,Median,1,12,0.3167082744042585
4 Heptanone,Median,1,13,0.3137316304168832
4 Heptanone,Median,1,14,0.3170493700463067
4 Heptanone,N2S,0,0,0.38895668210290285
4 Heptanone,N2S,0,1,0.42561868736202496
4 Heptanone,N2S,0,2,0.382052098068612
4 Heptanone,N2S,0,3,0.41828016237977855
4 Heptanone,N2S,0,4,0.37776741058267443
4 Heptanone,N2S,0,5,0.39108728819517835
4 Heptanone,N2S,0,6,0.3680167345118931
4 Heptanone,N2S,0,7,0.40283737896239874
4 Heptanone,N2S,0,8,0.42541518373206044
4 Heptanone,N2S,0,9,0.3906972493826245
4 Heptanone,N2S,0,10,0.3879715569825368
4 Heptanone,N2S,0,11,0.36704406429307657
4 Heptanone,N2S,0,12,0.387232564712128
4 Heptanone,N2S,0,13,0.356139944243381
4 Heptanone,N2S,0,14,0.3716444207554346
4 Heptanone,N2S,1,0,0.39133676524911165
4 Heptanone,N2S,1,1,0.41624337638745434
4 Heptanone,N2S,1,2,0.45022511147644023
4 Heptanone,N2S,1,3,0.37278904974398036
4 Heptanone,N2S,1,4,0.4188951270434924
4 Heptanone,N2S,1,5,0.3917236594777493
4 Heptanone,N2S,1,6,0.38271627072004505
4 Heptanone,N2S,1,7,0.3960299189763788
4 Heptanone,N2S,1,8,0.3875771607805398
4 Heptanone,N2S,1,9,0.3886826575861117
4 Heptanone,N2S,1,10,0.37685381896837145
4 Heptanone,N2S,1,11,0.3542834422046036
4 Heptanone,N2S,1,12,0.3509651772889438
4 Heptanone,N2S,1,13,0.4010615229683111
4 Heptanone,N2S,1,14,0.37985551486176194
4 Heptanone,CNMF,0,0,0.29463496947356776
4 Heptanone,CNMF,0,1,0.30385379699439286
4 Heptanone,CNMF,0,2,0.31584519140556916
4 Heptanone,CNMF,0,3,0.3064742841256723
4 Heptanone,CNMF,0,4,0.29372061029902996
4 Heptanone,CNMF,0,5,0.3224225581269898
4 Heptanone,CNMF,0,6,0.3278034462847557
4 Heptanone,CNMF,0,7,0.3112650791074052
4 Heptanone,CNMF,0,8,0.31857047681941403
4 Heptanone,CNMF,0,9,0.3226614483980041
4 Heptanone,CNMF,0,10,0.32095580225987075
4 Heptanone,CNMF,0,11,0.3130878575840548
4 Heptanone,CNMF,0,12,0.3128476698821032
4 Heptanone,CNMF,0,13,0.3116478624113542
4 Heptanone,CNMF,0,14,0.28699195287463036
4 Heptanone,CNMF,1,0,0.3189846359503015
4 Heptanone,CNMF,1,1,0.28762665924711445
4 Heptanone,CNMF,1,2,0.29618403050911485
4 Heptanone,CNMF,1,3,0.328176739677473
4 Heptanone,CNMF,1,4,0.32111167941555113
4 Heptanone,CNMF,1,5,0.33097981957837425
4 Heptanone,CNMF,1,6,0.3041575662087671
4 Heptanone,CNMF,1,7,0.2907306103076342
4 Heptanone,CNMF,1,8,0.30463386928974606
4 Heptanone,CNMF,1,9,0.3098558120011298
4 Heptanone,CNMF,1,10,0.3095044598639725
4 Heptanone,CNMF,1,11,0.32558634784198953
4 Heptanone,CNMF,1,12,0.302791410189478
4 Heptanone,CNMF,1,13,0.31366784807719417
4 Heptanone,CNMF,1,14,0.2932255057953451
4 Heptanone,FBCL,0,0,0.5676575755798866
4 Heptanone,FBCL,0,1,0.5603912938198702
4 Heptanone,FBCL,0,2,0.548157761144625
4 Heptanone,FBCL,0,3,0.5565090122671899
4 Heptanone,FBCL,0,4,0.5573482841819041
4 Heptanone,FBCL,0,5,0.5559512845658005
4 Heptanone,FBCL,0,6,0.5891216744174849
4 Heptanone,FBCL,0,7,0.5587412276506243
4 Heptanone,FBCL,0,8,0.5563779431260444
4 Heptanone,FBCL,0,9,0.5262612415947578
4 Heptanone,FBCL,0,10,0.5458116361193103
4 Heptanone,FBCL,0,11,0.5560663486506434
4 Heptanone,FBCL,0,12,0.5491969988953256
4 Heptanone,FBCL,0,13,0.5827908769628452
4 Heptanone,FBCL,0,14,0.5576608642143003
4 Heptanone,FBCL,1,0,0.5619824144151112
4 Heptanone,FBCL,1,1,0.542050254921262
4 Heptanone,FBCL,1,2,0.5416525540333443
4 Heptanone,FBCL,1,3,0.5396049017849004
4 Heptanone,FBCL,1,4,0.5411093550756564
4 Heptanone,FBCL,1,5,0.5689747865166704
4 Heptanone,FBCL,1,6,0.5033584600318587
4 Heptanone,FBCL,1,7,0.5085264042948126
4 Heptanone,FBCL,1,8,0.5322221919041678
4 Heptanone,FBCL,1,9,0.5412837234293212
4 Heptanone,FBCL,1,10,0.5522605429877077
4 Heptanone,FBCL,1,11,0.5487344304187572
4 Heptanone,FBCL,1,12,0.5348044161815912
4 Heptanone,FBCL,1,13,0.5576051734875198
4 Heptanone,FBCL,1,14,0.557786367326708
33 Dimethyl Butyric Acid,MPI B/S,0,0,0.24728908249233814
33 Dimethyl Butyric Acid,MPI B/S,0,1,0.25982429652241007
33 Dimethyl Butyric Acid,MPI B/S,0,2,0.24871531263823296
33 Dimethyl Butyric Acid,MPI B/S,0,3,0.2352861062143226
33 Dimethyl Butyric Acid,MPI B/S,0,4,0.2555604429627403
33 Dimethyl Butyric Acid,MPI B/S,0,5,0.2461066454915184
33 Dimethyl Butyric Acid,MPI B/S,0,6,0.24434737968687617
33 Dimethyl Butyric Acid,MPI B/S,0,7,0.26803990363907704
33 Dimethyl Butyric Acid,MPI B/S,0,8,0.2048675284484927
33 Dimethyl Butyric Acid,MPI B/S,0,9,0.22150153370949874
33 Dimethyl Butyric Acid,MPI B/S,0,10,0.2252143433645746
33 Dimethyl Butyric Acid,MPI B/S,0,11,0.23847742495933041
33 Dimethyl Butyric Acid,MPI B/S,0,12,0.24022669610862413
33 Dimethyl Butyric Acid,MPI B/S,0,13,0.22005833375915845
33 Dimethyl Butyric Acid,MPI B/S,0,14,0.22846507020268042
33 Dimethyl Butyric Acid,MPI B/S,1,0,0.2304971217761969
33 Dimethyl Butyric Acid,MPI B/S,1,1,0.283920170155589
33 Dimethyl Butyric Acid,MPI B/S,1,2,0.2733638912618553
33 Dimethyl Butyric Acid,MPI B/S,1,3,0.23772736770471214
33 Dimethyl Butyric Acid,MPI B/S,1,4,0.23850282739692663
33 Dimethyl Butyric Acid,MPI B/S,1,5,0.22585457800007372
33 Dimethyl Butyric Acid,MPI B/S,1,6,0.21363609839558523
33 Dimethyl Butyric Acid,MPI B/S,1,7,0.24247467075307913
33 Dimethyl Butyric Acid,MPI B/S,1,8,0.22829129842039206
33 Dimethyl Butyric Acid,MPI B/S,1,9,0.24299033824730432
33 Dimethyl Butyric Acid,MPI B/S,1,10,0.21859358824924308
33 Dimethyl Butyric Acid,MPI B/S,1,11,0.23208885331722945
33 Dimethyl Butyric Acid,MPI B/S,1,12,0.24674925553215912
33 Dimethyl Butyric Acid,MPI B/S,1,13,0.25025226624924746
33 Dimethyl Butyric Acid,MPI B/S,1,14,0.2510775743405311
33 Dimethyl Butyric Acid,Median,0,0,0.20578917591435694
33 Dimethyl Butyric Acid,Median,0,1,0.22483489773204707
33 Dimethyl Butyric Acid,Median,0,2,0.2103446980164337
33 Dimethyl Butyric Acid,Median,0,3,0.22289258439132262
33 Dimethyl Butyric Acid,Median,0,4,0.2172581601831971
33 Dimethyl Butyric Acid,Median,0,5,0.2052997312926398
33 Dimethyl Butyric Acid,Median,0,6,0.21458270050300327
33 Dimethyl Butyric Acid,Median,0,7,0.2205504186955549
33 Dimethyl Butyric Acid,Median,0,8,0.2227184063499676
33 Dimethyl Butyric Acid,Median,0,9,0.2161168288764766
33 Dimethyl Butyric Acid,Median,0,10,0.2307634918326273
33 Dimethyl Butyric Acid,Median,0,11,0.22617302620315327
33 Dimethyl Butyric Acid,Median,0,12,0.21510406120523978
33 Dimethyl Butyric Acid,Median,0,13,0.22391934125684362
33 Dimethyl Butyric Acid,Median,0,14,0.2342835116659068
33 Dimethyl Butyric Acid,Median,1,0,0.2587220168704094
33 Dimethyl Butyric Acid,Median,1,1,0.23080380503314551
33 Dimethyl Butyric Acid,Median,1,2,0.23344343310283422
33 Dimethyl Butyric Acid,Median,1,3,0.2545579862107713
33 Dimethyl Butyric Acid,Median,1,4,0.2322898546832614
33 Dimethyl Butyric Acid,Median,1,5,0.2299760065197697
33 Dimethyl Butyric Acid,Median,1,6,0.2372990193562896
33 Dimethyl Butyric Acid,Median,1,7,0.24523559523604294
33 Dimethyl Butyric Acid,Median,1,8,0.24065953054902034
33 Dimethyl Butyric Acid,Median,1,9,0.23585980826409714
33 Dimethyl Butyric Acid,Median,1,10,0.23565274018349136
33 Dimethyl Butyric Acid,Median,1,11,0.2353189230549461
33 Dimethyl Butyric Acid,Median,1,12,0.23385516838123513
33 Dimethyl Butyric Acid,Median,1,13,0.2615339752368463
33 Dimethyl Butyric Acid,Median,1,14,0.2441611031990696
33 Dimethyl Butyric Acid,N2S,0,0,0.35417238427571673
33 Dimethyl Butyric Acid,N2S,0,1,0.3253125939065474
33 Dimethyl Butyric Acid,N2S,0,2,0.33167090925844206
33 Dimethyl Butyric Acid,N2S,0,3,0.3206039348404577
33 Dimethyl Butyric Acid,N2S,0,4,0.27994886613802705
33 Dimethyl Butyric Acid,N2S,0,5,0.30666620297825115
33 Dimethyl Butyric Acid,N2S,0,6,0.29759171158211106
33 Dimethyl Butyric Acid,N2S,0,7,0.2883797067709167
33 Dimethyl Butyric Acid,N2S,0,8,0.3104975080469541
33 Dimethyl Butyric Acid,N2S,0,9,0.36336407422599803
33 Dimethyl Butyric Acid,N2S,0,10,0.33463946850928106
33 Dimethyl Butyric Acid,N2S,0,11,0.3626426632876272
33 Dimethyl Butyric Acid,N2S,0,12,0.3441924126885712
33 Dimethyl Butyric Acid,N2S,0,13,0.3519866618390971
33 Dimethyl Butyric Acid,N2S,0,14,0.31667419462731616
33 Dimethyl Butyric Acid,N2S,1,0,0.34323618170015413
33 Dimethyl Butyric Acid,N2S,1,1,0.347531332494559
33 Dimethyl Butyric Acid,N2S,1,2,0.32014983811750364
33 Dimethyl Butyric Acid,N2S,1,3,0.3439827115970776
33 Dimethyl Butyric Acid,N2S,1,4,0.344122148383243
33 Dimethyl Butyric Acid,N2S,1,5,0.3207181807333382
33 Dimethyl Butyric Acid,N2S,1,6,0.3086943044406258
33 Dimethyl Butyric Acid,N2S,1,7,0.3074072083275874
33 Dimethyl Butyric Acid,N2S,1,8,0.3340602493205244
33 Dimethyl Butyric Acid,N2S,1,9,0.33910511064136867
33 Dimethyl Butyric Acid,N2S,1,10,0.3156215316971116
33 Dimethyl Butyric Acid,N2S,1,11,0.3328033525891535
33 Dimethyl Butyric Acid,N2S,1,12,0.3442133795990811
33 Dimethyl Butyric Acid,N2S,1,13,0.3452129715928167
33 Dimethyl Butyric Acid,N2S,1,14,0.36479820579054123
33 Dimethyl Butyric Acid,CNMF,0,0,0.24250605633418978
33 Dimethyl Butyric Acid,CNMF,0,1,0.2125833980542579
33 Dimethyl Butyric Acid,CNMF,0,2,0.24784638108293947
33 Dimethyl Butyric Acid,CNMF,0,3,0.2187604792999819
33 Dimethyl Butyric Acid,CNMF,0,4,0.23945756688643788
33 Dimethyl Butyric Acid,CNMF,0,5,0.22662721645651876
33 Dimethyl Butyric Acid,CNMF,0,6,0.22032114592588672
33 Dimethyl Butyric Acid,CNMF,0,7,0.20199212922351756
33 Dimethyl Butyric Acid,CNMF,0,8,0.223480969670583
33 Dimethyl Butyric Acid,CNMF,0,9,0.2052534618770119
33 Dimethyl Butyric Acid,CNMF,0,10,0.23843872130761548
33 Dimethyl Butyric Acid,CNMF,0,11,0.24565572698575502
33 Dimethyl Butyric Acid,CNMF,0,12,0.21526771557978952
33 Dimethyl Butyric Acid,CNMF,0,13,0.2297003464189505
33 Dimethyl Butyric Acid,CNMF,0,14,0.2162070469375742
33 Dimethyl Butyric Acid,CNMF,1,0,0.22288611100541056
33 Dimethyl Butyric Acid,CNMF,1,1,0.2413127384209252
33 Dimethyl Butyric Acid,CNMF,1,2,0.2306344239905345
33 Dimethyl Butyric Acid,CNMF,1,3,0.25398899049444523
33 Dimethyl Butyric Acid,CNMF,1,4,0.22480697718529777
33 Dimethyl Butyric Acid,CNMF,1,5,0.24426579162859707
33 Dimethyl Butyric Acid,CNMF,1,6,0.2324200031639445
33 Dimethyl Butyric Acid,CNMF,1,7,0.2415922717755101
33 Dimethyl Butyric Acid,CNMF,1,8,0.2252676472774187
33 Dimethyl Butyric Acid,CNMF,1,9,0.23048968056981334
33 Dimethyl Butyric Acid,CNMF,1,10,0.22962362897162572
33 Dimethyl Butyric Acid,CNMF,1,11,0.22015987076119564
33 Dimethyl Butyric Acid,CNMF,1,12,0.23983631222622503
33 Dimethyl Butyric Acid,CNMF,1,13,0.2396809046713853
33 Dimethyl Butyric Acid,CNMF,1,14,0.238936285816662
33 Dimethyl Butyric Acid,FBCL,0,0,0.6666879069340088
33 Dimethyl Butyric Acid,FBCL,0,1,0.6651587787005301
33 Dimethyl Butyric Acid,FBCL,0,2,0.6333219215884179
33 Dimethyl Butyric Acid,FBCL,0,3,0.6463757016980837
33 Dimethyl Butyric Acid,FBCL,0,4,0.628982464741278
33 Dimethyl Butyric Acid,FBCL,0,5,0.6402729128864463
33 Dimethyl Butyric Acid,FBCL,0,6,0.6293987081763104
33 Dimethyl Butyric Acid,FBCL,0,7,0.6681382200813841
33 Dimethyl Butyric Acid,FBCL,0,8,0.6462124560540244
33 Dimethyl Butyric Acid,FBCL,0,9,0.636060356657164
33 Dimethyl Butyric Acid,FBCL,0,10,0.6606959346922889
33 Dimethyl Butyric Acid,FBCL,0,11,0.6019845091817289
33 Dimethyl Butyric Acid,FBCL,0,12,0.6047159156550403
33 Dimethyl Butyric Acid,FBCL,0,13,0.6537540198098586
33 Dimethyl Butyric Acid,FBCL,0,14,0.6409205981832867
33 Dimethyl Butyric Acid,FBCL,1,0,0.6368862850527576
33 Dimethyl Butyric Acid,FBCL,1,1,0.6093677872834127
33 Dimethyl Butyric Acid,FBCL,1,2,0.6321101179746904
33 Dimethyl Butyric Acid,FBCL,1,3,0.6674801244728669
33 Dimethyl Butyric Acid,FBCL,1,4,0.6468992257296075
33 Dimethyl Butyric Acid,FBCL,1,5,0.6354772433082768
33 Dimethyl Butyric Acid,FBCL,1,6,0.6248533704394508
33 Dimethyl Butyric Acid,FBCL,1,7,0.6256296381876127
33 Dimethyl Butyric Acid,FBCL,1,8,0.595357573514517
33 Dimethyl Butyric Acid,FBCL,1,9,0.6370118343104997
33 Dimethyl Butyric Acid,FBCL,1,10,0.6472706576714425
33 Dimethyl Butyric Acid,FBCL,1,11,0.6050184314352478
33 Dimethyl Butyric Acid,FBCL,1,12,0.6209727700599725
33 Dimethyl Butyric Acid,FBCL,1,13,0.6123159197661997
33 Dimethyl Butyric Acid,FBCL,1,14,0.6156686157535929
2 Methyl Butyraldehyde,MPI B/S,0,0,0.16447165566815578
2 Methyl Butyraldehyde,MPI B/S,0,1,0.13726083751703233
2 Methyl Butyraldehyde,MPI B/S,0,2,0.17160933195425684
2 Methyl Butyraldehyde,MPI B/S,0,3,0.17338595426592737
2 Methyl Butyraldehyde,MPI B/S,0,4,0.16059493152031293
2 Methyl Butyraldehyde,MPI B/S,0,5,0.13221668111822157
2 Methyl Butyraldehyde,MPI B/S,0,6,0.1511086070780083
2 Methyl Butyraldehyde,MPI B/S,0,7,0.17948322541680847
2 Methyl Butyraldehyde,MPI B/S,0,8,0.12843285099824087
2 Methyl Butyraldehyde,MPI B/S,0,9,0.15936769478535576
2 Methyl Butyraldehyde,MPI B/S,0,10,0.14877198774957912
2 Methyl Butyraldehyde,MPI B/S,0,11,0.17403145378170698
2 Methyl Butyraldehyde,MPI B/S,0,12,0.15519814792483475
2 Methyl Butyraldehyde,MPI B/S,0,13,0.168932440982547
2 Methyl Butyraldehyde,MPI B/S,0,14,0.17098808183421896
2 Methyl Butyraldehyde,MPI B/S,1,0,0.16555232379086723
2 Methyl Butyraldehyde,MPI B/S,1,1,0.13959795517365156
2 Methyl Butyraldehyde,MPI B/S,1,2,0.1469672478439012
2 Methyl Butyraldehyde,MPI B/S,1,3,0.1232793140206057
2 Methyl Butyraldehyde,MPI B/S,1,4,0.15733247547011822
2 Methyl Butyraldehyde,MPI B/S,1,5,0.1325012870705068
2 Methyl Butyraldehyde,MPI B/S,1,6,0.13504374911964145
2 Methyl Butyraldehyde,MPI B/S,1,7,0.14189781621685432
2 Methyl Butyraldehyde,MPI B/S,1,8,0.12228871427733025
2 Methyl Butyraldehyde,MPI B/S,1,9,0.14509275151391426
2 Methyl Butyraldehyde,MPI B/S,1,10,0.15449481973451407
2 Methyl Butyraldehyde,MPI B/S,1,11,0.14590942329034123
2 Methyl Butyraldehyde,MPI B/S,1,12,0.12195762005538399
2 Methyl Butyraldehyde,MPI B/S,1,13,0.14060514936703253
2 Methyl Butyraldehyde,MPI B/S,1,14,0.15162547046012997
2 Methyl Butyraldehyde,Median,0,0,0.1261276045512463
2 Methyl Butyraldehyde,Median,0,1,0.1316146605481537
2 Methyl Butyraldehyde,Median,0,2,0.14494464293732498
2 Methyl Butyraldehyde,Median,0,3,0.14080181324471827
2 Methyl Butyraldehyde,Median,0,4,0.14177101184651644
2 Methyl Butyraldehyde,Median,0,5,0.15165947799601395
2 Methyl Butyraldehyde,Median,0,6,0.142157535002236
2 Methyl Butyraldehyde,Median,0,7,0.14345094086878082
2 Methyl Butyraldehyde,Median,0,8,0.15747462747146582
2 Methyl Butyraldehyde,Median,0,9,0.1374961469803042
2 Methyl Butyraldehyde,Median,0,10,0.13350613323662722
2 Methyl Butyraldehyde,Median,0,11,0.14187911592096036
2 Methyl Butyraldehyde,Median,0,12,0.14195558981039552
2 Methyl Butyraldehyde,Median,0,13,0.13535855904120095
2 Methyl Butyraldehyde,Median,0,14,0.13190409588029692
2 Methyl Butyraldehyde,Median,1,0,0.1543125469457827
2 Methyl Butyraldehyde,Median,1,1,0.14076607153182139
2 Methyl Butyraldehyde,Median,1,2,0.13353084406575438
2 Methyl Butyraldehyde,Median,1,3,0.14479030070733342
2 Methyl Butyraldehyde,Median,1,4,0.13778770223606562
2 Methyl Butyraldehyde,Median,1,5,0.1368057964122981
2 Methyl Butyraldehyde,Median,1,6,0.14237436052268876
2 Methyl Butyraldehyde,Median,1,7,0.12970806956700284
2 Methyl Butyraldehyde,Median,1,8,0.14094220796384524
2 Methyl Butyraldehyde,Median,1,9,0.15160127472054907
2 Methyl Butyraldehyde,Median,1,10,0.14171790526747774
2 Methyl Butyraldehyde,Median,1,11,0.13596328762897558
2 Methyl Butyraldehyde,Median,1,12,0.13506911700452284
2 Methyl Butyraldehyde,Median,1,13,0.13573014989621207
2 Methyl Butyraldehyde,Median,1,14,0.13679841019342917
2 Methyl Butyraldehyde,N2S,0,0,0.1780817607999275
2 Methyl Butyraldehyde,N2S,0,1,0.19905552352223843
2 Methyl Butyraldehyde,N2S,0,2,0.15611475896496524
2 Methyl Butyraldehyde,N2S,0,3,0.1981752991192817
2 Methyl Butyraldehyde,N2S,0,4,0.17805129177393053
2 Methyl Butyraldehyde,N2S,0,5,0.19031405979350519
2 Methyl Butyraldehyde,N2S,0,6,0.16593978242996732
2 Methyl Butyraldehyde,N2S,0,7,0.20573798537781515
2 Methyl Butyraldehyde,N2S,0,8,0.2043928679437568
2 Methyl Butyraldehyde,N2S,0,9,0.19975694740412336
2 Methyl Butyraldehyde,N2S,0,10,0.15965524702055064
2 Methyl Butyraldehyde,N2S,0,11,0.1976424296859687
2 Methyl Butyraldehyde,N2S,0,12,0.19076635327906968
2 Methyl Butyraldehyde,N2S,0,13,0.15818824707872706
2 Methyl Butyraldehyde,N2S,0,14,0.1838110815890279
2 Methyl Butyraldehyde,N2S,1,0,0.21697211052826387
2 Methyl Butyraldehyde,N2S,1,1,0.2200764109499094
2 Methyl Butyraldehyde,N2S,1,2,0.21393697609207987
2 Methyl Butyraldehyde,N2S,1,3,0.2157840880496875
2 Methyl Butyraldehyde,N2S,1,4,0.2349469136600322
2 Methyl Butyraldehyde,N2S,1,5,0.23093442679636728
2 Methyl Butyraldehyde,N2S,1,6,0.16459775860669557
2 Methyl Butyraldehyde,N2S,1,7,0.20591937724244294
2 Methyl Butyraldehyde,N2S,1,8,0.20839560383784084
2 Methyl Butyraldehyde,N2S,1,9,0.18266785040267808
2 Methyl Butyraldehyde,N2S,1,10,0.21259052641003814
2 Methyl Butyraldehyde,N2S,1,11,0.231302712308077
2 Methyl Butyraldehyde,N2S,1,12,0.1934541029267744
2 Methyl Butyraldehyde,N2S,1,13,0.21651615023610377
2 Methyl Butyraldehyde,N2S,1,14,0.19622135617015427
2 Methyl Butyraldehyde,CNMF,0,0,0.1295797756334794
2 Methyl Butyraldehyde,CNMF,0,1,0.15160360489046382
2 Methyl Butyraldehyde,CNMF,0,2,0.1309052617888091
2 Methyl Butyraldehyde,CNMF,0,3,0.14120109367748485
2 Methyl Butyraldehyde,CNMF,0,4,0.11729054515153271
2 Methyl Butyraldehyde,CNMF,0,5,0.1555479014213766
2 Methyl Butyraldehyde,CNMF,0,6,0.14264017500546913
2 Methyl Butyraldehyde,CNMF,0,7,0.13459475815674873
2 Methyl Butyraldehyde,CNMF,0,8,0.14236242181067013
2 Methyl Butyraldehyde,CNMF,0,9,0.12201847478185984
2 Methyl Butyraldehyde,CNMF,0,10,0.14858215934915447
2 Methyl Butyraldehyde,CNMF,0,11,0.13314496901574893
2 Methyl Butyraldehyde,CNMF,0,12,0.13437373478564676
2 Methyl Butyraldehyde,CNMF,0,13,0.1314268541788224
2 Methyl Butyraldehyde,CNMF,0,14,0.13051491872306195
2 Methyl Butyraldehyde,CNMF,1,0,0.14502814191604407
2 Methyl Butyraldehyde,CNMF,1,1,0.14053215125381852
2 Methyl Butyraldehyde,CNMF,1,2,0.14458831747689135
2 Methyl Butyraldehyde,CNMF,1,3,0.1378197676099682
2 Methyl Butyraldehyde,CNMF,1,4,0.14316861955733637
2 Methyl Butyraldehyde,CNMF,1,5,0.13361796390274486
2 Methyl Butyraldehyde,CNMF,1,6,0.16075783876034483
2 Methyl Butyraldehyde,CNMF,1,7,0.12184338057851489
2 Methyl Butyraldehyde,CNMF,1,8,0.15083064903363952
2 Methyl Butyraldehyde,CNMF,1,9,0.15192676666005583
2 Methyl Butyraldehyde,CNMF,1,10,0.12917785703062037
2 Methyl Butyraldehyde,CNMF,1,11,0.1607531432913488
2 Methyl Butyraldehyde,CNMF,1,12,0.1481106262774606
2 Methyl Butyraldehyde,CNMF,1,13,0.147861099949946
2 Methyl Butyraldehyde,CNMF,1,14,0.13819702833093742
2 Methyl Butyraldehyde,FBCL,0,0,0.35244637671579665
2 Methyl Butyraldehyde,FBCL,0,1,0.3525484651948355
2 Methyl Butyraldehyde,FBCL,0,2,0.36038322386671856
2 Methyl Butyraldehyde,FBCL,0,3,0.37358162863025324
2 Methyl Butyraldehyde,FBCL,0,4,0.3576510149609482
2 Methyl Butyraldehyde,FBCL,0,5,0.3433804175678045
2 Methyl Butyraldehyde,FBCL,0,6,0.36604958611571325
2 Methyl Butyraldehyde,FBCL,0,7,0.36731272484700267
2 Methyl Butyraldehyde,FBCL,0,8,0.3638325495167991
2 Methyl Butyraldehyde,FBCL,0,9,0.3650188436282177
2 Methyl Butyraldehyde,FBCL,0,10,0.351745069260468
2 Methyl Butyraldehyde,FBCL,0,11,0.3431512859295057
2 Methyl Butyraldehyde,FBCL,0,12,0.3439452326266739
2 Methyl Butyraldehyde,FBCL,0,13,0.3339252645686354
2 Methyl Butyraldehyde,FBCL,0,14,0.35837755839417396
2 Methyl Butyraldehyde,FBCL,1,0,0.35462667874629683
2 Methyl Butyraldehyde,FBCL,1,1,0.3499705479824559
2 Methyl Butyraldehyde,FBCL,1,2,0.3171182932983456
2 Methyl Butyraldehyde,FBCL,1,3,0.33942742707322165
2 Methyl Butyraldehyde,FBCL,1,4,0.37035379505846266
2 Methyl Butyraldehyde,FBCL,1,5,0.34703694041235633
2 Methyl Butyraldehyde,FBCL,1,6,0.36042551395551586
2 Methyl Butyraldehyde,FBCL,1,7,0.33755514909589984
2 Methyl Butyraldehyde,FBCL,1,8,0.37450487122357895
2 Methyl Butyraldehyde,FBCL,1,9,0.35383556407357825
2 Methyl Butyraldehyde,FBCL,1,10,0.35950416716538475
2 Methyl Butyraldehyde,FBCL,1,11,0.38608939604147113
2 Methyl Butyraldehyde,FBCL,1,12,0.3755200270052649
2 Methyl Butyraldehyde,FBCL,1,13,0.3517129402690857
2 Methyl Butyraldehyde,FBCL,1,14,0.34796944677553554
m Anisaldehyde,MPI B/S,0,0,0.15583860564719734
m Anisaldehyde,MPI B/S,0,1,0.16682079250356932
m Anisaldehyde,MPI B/S,0,2,0.1587347987920623
m Anisaldehyde,MPI B/S,0,3,0.1549223867436521
m Anisaldehyde,MPI B/S,0,4,0.17940460436530561
m Anisaldehyde,MPI B/S,0,5,0.1586166779418113
m Anisaldehyde,MPI B/S,0,6,0.19034688962020324
m Anisaldehyde,MPI B/S,0,7,0.16131084793644795
m Anisaldehyde,MPI B/S,0,8,0.1835866257225168
m Anisaldehyde,MPI B/S,0,9,0.164815091751498
m Anisaldehyde,MPI B/S,0,10,0.17277645142918185
m Anisaldehyde,MPI B/S,0,11,0.15059274631820688
m Anisaldehyde,MPI B/S,0,12,0.14889504952087718
m Anisaldehyde,MPI B/S,0,13,0.1661609976713659
m Anisaldehyde,MPI B/S,0,14,0.17311287580285303
m Anisaldehyde,MPI B/S,1,0,0.1593922431078491
m Anisaldehyde,MPI B/S,1,1,0.14195297810749197
m Anisaldehyde,MPI B/S,1,2,0.14098199705624045
m Anisaldehyde,MPI B/S,1,3,0.14010286244354334
m Anisaldehyde,MPI B/S,1,4,0.13562706154063914
m Anisaldehyde,MPI B/S,1,5,0.16030228007234093
m Anisaldehyde,MPI B/S,1,6,0.17365214406476887
m Anisaldehyde,MPI B/S,1,7,0.15868670254727377
m Anisaldehyde,MPI B/S,1,8,0.1291491340004072
m Anisaldehyde,MPI B/S,1,9,0.15635544627335615
m Anisaldehyde,MPI B/S,1,10,0.1567230092592061
m Anisaldehyde,MPI B/S,1,11,0.18641567675031
m Anisaldehyde,MPI B/S,1,12,0.13970848234303446
m Anisaldehyde,MPI B/S,1,13,0.15372746719054856
m Anisaldehyde,MPI B/S,1,14,0.18128707347624126
m Anisaldehyde,Median,0,0,0.15119363238846995
m Anisaldehyde,Median,0,1,0.15199502996508277
m Anisaldehyde,Median,0,2,0.14882203934731802
m Anisaldehyde,Median,0,3,0.15034485815887014
m Anisaldehyde,Median,0,4,0.15351033474269013
m Anisaldehyde,Median,0,5,0.14228787236926965
m Anisaldehyde,Median,0,6,0.15422061677718787
m Anisaldehyde,Median,0,7,0.13830320758464423
m Anisaldehyde,Median,0,8,0.15033371722607436
m Anisaldehyde,Median,0,9,0.14927569449509354
m Anisaldehyde,Median,0,10,0.14365395480434737
m Anisaldehyde,Median,0,11,0.14785139590277926
m Anisaldehyde,Median,0,12,0.14360978138783054
m Anisaldehyde,Median,0,13,0.14043373226663214
m Anisaldehyde,Median,0,14,0.1455113712057124
m Anisaldehyde,Median,1,0,0.1455575857984481
m Anisaldehyde,Median,1,1,0.15564648706079154
m Anisaldehyde,Median,1,2,0.1452316317840958
m Anisaldehyde,Median,1,3,0.15839840211274978
m Anisaldehyde,Median,1,4,0.14500964569506566
m Anisaldehyde,Median,1,5,0.14935965455310202
m Anisaldehyde,Median,1,6,0.14894735124767813
m Anisaldehyde,Median,1,7,0.16273416668323565
m Anisaldehyde,Median,1,8,0.15569946690572223
m Anisaldehyde,Median,1,9,0.15186678022683442
m Anisaldehyde,Median,1,10,0.15689044328958962
m Anisaldehyde,Median,1,11,0.13846386432207775
m Anisaldehyde,Median,1,12,0.15305896376536993
m Anisaldehyde,Median,1,13,0.16748852250911014
m Anisaldehyde,Median,1,14,0.15429979542412675
m Anisaldehyde,N2S,0,0,0.22903830873144207
m Anisaldehyde,N2S,0,1,0.23726294348655744
m Anisaldehyde,N2S,0,2,0.2432141716593226
m Anisaldehyde,N2S,0,3,0.19366459580951983
m Anisaldehyde,N2S,0,4,0.19906199488479204
m Anisaldehyde,N2S,0,5,0.2314768155182887
m Anisaldehyde,N2S,0,6,0.21563148719044958
m Anisaldehyde,N2S,0,7,0.2503461876503281
m Anisaldehyde,N2S,0,8,0.2224771770060435
m Anisaldehyde,N2S,0,9,0.1947424984861814
m Anisaldehyde,N2S,0,10,0.20615791656080257
m Anisaldehyde,N2S,0,11,0.1807815241430857
m Anisaldehyde,N2S,0,12,0.22386529882192435
m Anisaldehyde,N2S,0,13,0.2246487108888098
m Anisaldehyde,N2S,0,14,0.22060539848977107
m Anisaldehyde,N2S,1,0,0.23803218919289992
m Anisaldehyde,N2S,1,1,0.24008127435238913
m Anisaldehyde,N2S,1,2,0.21663601438315988
m Anisaldehyde,N2S,1,3,0.18299340409486314
m Anisaldehyde,N2S,1,4,0.23012642024272037
m Anisaldehyde,N2S,1,5,0.22906589468563263
m Anisaldehyde,N2S,1,6,0.22485319518751407
m Anisaldehyde,N2S,1,7,0.23636403382027188
m Anisaldehyde,N2S,1,8,0.1996042692011805
m Anisaldehyde,N2S,1,9,0.25395815979104747
m Anisaldehyde,N2S,1,10,0.20312215611007706
m Anisaldehyde,N2S,1,11,0.23238617662300598
m Anisaldehyde,N2S,1,12,0.19065508818436977
m Anisaldehyde,N2S,1,13,0.20362163126185095
m Anisaldehyde,N2S,1,14,0.24552506354169848
m Anisaldehyde,CNMF,0,0,0.14791270969357617
m Anisaldehyde,CNMF,0,1,0.1595886947508093
m Anisaldehyde,CNMF,0,2,0.15319326163742134
m Anisaldehyde,CNMF,0,3,0.14956672084666187
m Anisaldehyde,CNMF,0,4,0.16514578740364094
m Anisaldehyde,CNMF,0,5,0.14816982430830528
m Anisaldehyde,CNMF,0,6,0.13179239033375878
m Anisaldehyde,CNMF,0,7,0.14216032246529087
m Anisaldehyde,CNMF,0,8,0.15652624134087378
m Anisaldehyde,CNMF,0,9,0.15487497777133963
m Anisaldehyde,CNMF,0,10,0.13405880747555315
m Anisaldehyde,CNMF,0,11,0.14299715759376092
m Anisaldehyde,CNMF,0,12,0.14450988354266178
m Anisaldehyde,CNMF,0,13,0.14680357977965527
m Anisaldehyde,CNMF,0,14,0.1360862027719871
m Anisaldehyde,CNMF,1,0,0.14971565315744573
m Anisaldehyde,CNMF,1,1,0.14865245400768104
m Anisaldehyde,CNMF,1,2,0.16456388123056978
m Anisaldehyde,CNMF,1,3,0.1649625627192968
m Anisaldehyde,CNMF,1,4,0.15483398177700278
m Anisaldehyde,CNMF,1,5,0.15222232525991278
m Anisaldehyde,CNMF,1,6,0.15786465668067634
m Anisaldehyde,CNMF,1,7,0.14771944829479097
m Anisaldehyde,CNMF,1,8,0.14421654409949727
m Anisaldehyde,CNMF,1,9,0.1464079833425387
m Anisaldehyde,CNMF,1,10,0.14964732483677998
m Anisaldehyde,CNMF,1,11,0.14404003202875063
m Anisaldehyde,CNMF,1,12,0.15809943642978244
m Anisaldehyde,CNMF,1,13,0.1641203387512991
m Anisaldehyde,CNMF,1,14,0.1395468156686793
m Anisaldehyde,FBCL,0,0,0.4822968520588948
m Anisaldehyde,FBCL,0,1,0.478617944862951
m Anisaldehyde,FBCL,0,2,0.487046346715988
m Anisaldehyde,FBCL,0,3,0.4817253832419265
m Anisaldehyde,FBCL,0,4,0.46009819454800777
m Anisaldehyde,FBCL,0,5,0.46296863786682324
m Anisaldehyde,FBCL,0,6,0.48236132654220243
m Anisaldehyde,FBCL,0,7,0.4973636741996589
m Anisaldehyde,FBCL,0,8,0.44868024977214893
m Anisaldehyde,FBCL,0,9,0.4871096657244611
m Anisaldehyde,FBCL,0,10,0.4997782198043972
m Anisaldehyde,FBCL,0,11,0.4796223962469706
m Anisaldehyde,FBCL,0,12,0.4901792571981287
m Anisaldehyde,FBCL,0,13,0.4713651502962378
m Anisaldehyde,FBCL,0,14,0.4801276951555965
m Anisaldehyde,FBCL,1,0,0.44164516894302075
m Anisaldehyde,FBCL,1,1,0.43078504440356635
m Anisaldehyde,FBCL,1,2,0.4801311105920305
m Anisaldehyde,FBCL,1,3,0.45119157577489366
m Anisaldehyde,FBCL,1,4,0.4591399330812906
m Anisaldehyde,FBCL,1,5,0.44516505044920796
m Anisaldehyde,FBCL,1,6,0.44481185648544647
m Anisaldehyde,FBCL,1,7,0.4633686641856296
m Anisaldehyde,FBCL,1,8,0.45502590556650335
m Anisaldehyde,FBCL,1,9,0.4716524137147815
m Anisaldehyde,FBCL,1,10,0.47277181948096914
m Anisaldehyde,FBCL,1,11,0.47079490825747344
m Anisaldehyde,FBCL,1,12,0.4695601888347452
m Anisaldehyde,FBCL,1,13,0.4896637636308986
m Anisaldehyde,FBCL,1,14,0.4499516023651487
